episode,reward
1,17.2588423874701
2,17.125713646340127
3,17.16865028375399
4,17.080664606051712
5,17.237815782762315
6,17.095718754629694
7,17.25140503635204
8,16.97483411969064
9,17.1949433631104
10,17.361413504962535
11,17.246440491878232
12,17.442474560791165
13,17.277834793986948
14,17.22650801925518
15,17.05531300477036
16,17.14431705346956
17,17.074026823678082
18,17.159837130054274
19,17.23561132286238
20,16.946066177969993
21,17.25448045160278
22,17.070053331048875
23,17.187144161086874
24,17.157278877250686
25,17.2777973235273
26,17.04402887348867
27,17.310160037678017
28,17.291556344609116
29,17.06794588652699
30,17.23169581767172
31,17.339761102757052
32,17.238972578294383
33,17.11956840544516
34,17.197838947370936
35,17.013082008212294
36,17.039554561337923
37,17.11598799419647
38,17.23607299521083
39,17.21906020312202
40,17.227099367829755
41,16.972009183975604
42,17.24112898215022
43,17.098531329706333
44,17.169128891784258
45,17.266155014935027
46,17.24326643680358
47,17.149453126111396
48,17.16948869960706
49,17.097587998421773
50,17.237504620587718
51,17.109473094129214
52,17.165247565693054
53,17.040301446426092
54,17.12740565113357
55,17.235126765755144
56,17.218036247387364
57,17.091596704725294
58,17.192192556769644
59,16.974834119690644
60,17.051117256921025
61,17.299684886544853
62,17.237466498216214
63,17.243412497464185
64,17.21716024106743
65,17.235126765755144
66,17.14003157669459
67,17.070053331048868
68,17.32086668452158
69,17.051117256921017
70,17.297273031566267
71,17.215137508656365
72,17.097587998421776
73,17.147391941261514
74,17.17139721025938
75,16.987457854556084
76,17.095718754629697
77,17.144278171178
78,17.32086668452158
79,17.185829531951264
80,17.194143275865393
81,16.94312444802584
82,17.21659546233647
83,17.322304041497247
84,17.095718754629704
85,17.153129923905496
86,17.262383472060534
87,16.95696816247621
88,17.130295459821664
89,17.1700567273772
90,17.397293732503023
91,17.19281103118749
92,17.19281103118749
93,17.23750462058772
94,17.258842387470096
95,17.080286367337347
96,17.22227153545121
97,17.212381491220206
98,16.973336985650537
99,17.072871274064216
100,17.119568405445165
101,17.243266436803573
102,17.098531329706322
103,17.267724691147425
104,17.219062828813854
105,17.014170579536252
106,17.169128891784254
107,17.029393976795575
108,17.144278171177998
109,17.284271080191008
110,17.05111725692102
111,17.044209055815283
112,17.236912627449698
113,17.16990723805219
114,17.07055941419507
115,17.13976153754034
116,16.973336985650537
117,17.239493428764856
118,17.241128982150215
119,16.82741285471812
120,17.242133232484814
121,17.165247565693058
122,17.08653137173831
123,17.192192556769648
124,17.31111895334569
125,17.298176020690622
126,17.182525470337414
127,17.22227153545121
128,17.05567565393729
129,17.299025349684143
130,17.325993939022123
131,16.942964349594032
132,17.15983713005429
133,17.18252547033741
134,17.170056727377197
135,17.05608838475799
136,17.14764164022337
137,17.118373159693267
138,17.144317053469557
139,17.11956840544516
140,17.19281103118749
141,17.27868381342454
142,17.19993844875842
143,17.287742442127996
144,17.096971392580556
145,17.207738490849767
146,17.093528294240983
147,17.349632448629862
148,17.03854916822444
149,17.172844169171313
150,17.362351282061226
151,17.22227153545121
152,17.36682492182325
153,17.199170313824144
154,17.22227153545121
155,17.0428972524482
156,17.213143046884166
157,16.8968074196735
158,17.18280571353325
159,17.192811031187485
160,17.14764164022337
161,17.2369126274497
162,17.029393976795575
163,17.216595462336453
164,17.211778833547392
165,17.080664606051716
166,17.12521075877351
167,17.199170313824144
168,17.22709936782975
169,17.0957187546297
170,17.169852651315125
171,16.9823982251983
172,17.07410241817347
173,17.136838215059456
174,17.235618774906968
175,17.066185284657507
176,17.11277742237187
177,17.237466498216214
178,17.306386826206413
179,17.067945273665917
180,17.11956840544517
181,17.194161035185466
182,17.16892204506187
183,17.24251451553508
184,17.364307977801403
185,17.214737798089768
186,17.172844169171317
187,17.1918194980506
188,17.196558714129957
189,17.194891045882393
190,17.325993939022123
191,17.331293638074843
192,17.16948869960708
193,16.967125643361758
194,17.185829531951256
195,17.152676389106315
196,17.243515765976834
197,17.325130333079276
198,17.259404155524805
199,17.093599806485383
200,17.31016003767801
201,17.196324307960936
202,17.16405351519672
203,16.971836995178727
204,17.302574965380906
205,17.149453126111403
206,17.044028873488674
207,17.284271080191
208,17.15157567805691
209,17.186489224971993
210,17.236818190517933
211,16.944472056943525
212,17.282954797918286
213,17.145154314179695
214,17.381921348130586
215,17.256386912343295
216,17.32861298366656
217,17.21344802493791
218,17.013201431976306
219,17.168118925658916
220,17.07410241817348
221,17.262383472060538
222,17.219062828813847
223,17.14646075187839
224,17.19281103118749
225,17.171275603118364
226,17.252131068135498
227,17.125713646340134
228,17.2602180213274
229,17.21955142765461
230,17.238871876964605
231,17.09697139258056
232,17.31313383304393
233,17.102229155760032
234,17.25715687239843
235,17.30618573037863
236,17.349866103313293
237,17.194891045882386
238,17.298176020690615
239,17.18280571353325
240,17.22303622460109
241,17.192811031187485
242,17.263545045772073
243,17.101468468784425
244,17.127405651133564
245,17.27537382823193
246,17.19281103118749
247,17.24251451553509
248,17.038549168224435
249,17.16865028375399
250,17.025175829239235
251,17.055675653937293
252,17.127405651133568
253,17.36430797780141
254,17.277834793986948
255,17.18582953195127
256,17.24326643680358
257,17.14769649601039
258,17.028531276377922
259,17.37044702432775
260,17.343690973193176
261,17.293946948233724
262,17.222271535451206
263,17.21513750865636
264,17.195351806869926
265,17.36098500799087
266,17.116812108707826
267,17.18714416108687
268,17.051801209628394
269,17.191289525723985
270,17.362477644188417
271,17.21168424759436
272,17.259041909914217
273,17.105744237626617
274,17.144278171178
275,17.26809502183574
276,17.17139721025938
277,17.080802986597572
278,17.1233314756162
279,17.067945273665913
280,17.07005333104887
281,17.297273031566277
282,17.306386826206406
283,17.119096380970777
284,17.070559414195067
285,17.118552356615677
286,17.17218495782084
287,16.967125643361765
288,16.97063066215471
289,17.130295459821657
290,17.100134414745945
291,17.176089815400083
292,17.341781137131992
293,17.119568405445165
294,17.287742442128
295,17.22757560084804
296,17.287742442128
297,17.23512676575514
298,17.299025349684143
299,17.212788338818996
300,17.215137508656362
301,17.036081954258282
302,17.310976986328857
303,16.99796264400982
304,17.341206343582318
305,17.05991643181346
306,17.13029545982166
307,17.211684247594356
308,16.971836995178716
309,17.219260362984542
310,17.18955820886415
311,17.34369097319318
312,17.211778833547392
313,17.325993939022123
314,17.10600302432115
315,17.334698834572233
316,17.195643780394057
317,17.318123662321582
318,17.19655871412995
319,17.313768059486566
320,17.369151968870277
321,17.17284416917132
322,17.349866103313293
323,17.07877362653618
324,17.09352829424099
325,17.144278171177994
326,17.257156872398436
327,17.381921348130593
328,17.172184957820843
329,17.095718754629697
330,17.151575678056904
331,17.23750462058772
332,17.070809361221603
333,16.996852788453836
334,17.043727824862728
335,17.17205468110899
336,17.05531300477036
337,17.167627011920626
338,17.305610178787838
339,17.116812108707826
340,17.24466010251573
341,17.21659546233646
342,17.213825878842602
343,17.215137508656348
344,17.3025749653809
345,17.241518286439344
346,17.151578170784767
347,17.23750462058772
348,17.213448024937918
349,17.21538887397616
350,17.287742442127993
351,17.285079160349596
352,17.325993939022133
353,17.20940190644197
354,17.192811031187485
355,17.218223723773377
356,17.29817602069062
357,17.129410722407357
358,17.2588423874701
359,16.97231367944085
360,17.297273031566274
361,17.21177883354739
362,17.12941072240735
363,16.859473319367876
364,17.31556291746501
365,17.328612983666563
366,17.08028636733733
367,17.08028636733733
368,17.192192556769655
369,17.19632430796095
370,17.14431705346955
371,17.23887187696461
372,17.186489224971986
373,17.01416936955808
374,17.093804660599076
375,17.181406653118376
376,17.237466498216204
377,17.298085540361956
378,17.394164455967413
379,17.31812366232158
380,17.254480451602785
381,17.26540485877545
382,17.05333244544702
383,17.29727303156627
384,17.080286367337333
385,17.29968488654486
386,17.19281103118748
387,17.213448024937914
388,17.196558714129957
389,17.341781137131992
390,17.119475645901478
391,17.41954652023605
392,17.19783894737094
393,17.335937027599183
394,17.080286367337337
395,17.32088495437824
396,17.37044702432775
397,17.21990686193287
398,17.258842387470104
399,17.121786125341547
400,17.258842387470104
401,17.307997927471117
402,17.364307977801396
403,17.122901272433467
404,17.306185730378633
405,17.222271535451213
406,17.11681210870783
407,17.320350643952963
408,17.039554561337926
409,17.194961800496394
410,17.13029545982166
411,17.235126765755144
412,17.127405651133568
413,17.315562917465005
414,17.093528294240986
415,17.284271080191004
416,17.237466498216214
417,16.97483411969064
418,17.364307977801403
419,17.29155634460912
420,17.299025349684143
421,17.287742442127996
422,17.246853193379362
423,17.187144161086866
424,17.191289525723988
425,17.294458570631853
426,17.257156872398426
427,17.121786125341544
428,17.08080298659757
429,17.318123662321586
430,17.320350643952963
431,17.151578170784767
432,17.21340261857289
433,17.305351891310472
434,17.25723026732757
435,17.117621313260454
436,17.11762131326046
437,17.237466498216207
438,17.21177883354739
439,17.34411659339466
440,17.15270538142869
441,17.23681819051793
442,17.188078054546317
443,17.161421426847767
444,17.187283013320627
445,17.32844278019587
446,17.275373828231924
447,17.34634565896666
448,17.381921348130597
449,17.19655871412996
450,17.067945886526985
451,17.146460751878386
452,17.194943363110404
453,17.372647617621826
454,17.243266436803573
455,17.28768104341068
456,17.09853132970633
457,17.222271535451213
458,17.13743881206879
459,17.344466332037385
460,17.02406694133738
461,17.285079160349603
462,16.911989501198544
463,17.14764164022337
464,17.237466498216214
465,17.226787962119992
466,17.2767882268013
467,17.08905052302634
468,17.113816471773724
469,17.415958947404192
470,17.096971392580564
471,17.26772469114743
472,17.098531329706326
473,17.19641021161638
474,17.262383472060538
475,17.18955820886415
476,17.384297565276835
477,17.339761102757063
478,17.232721327216193
479,17.299025349684147
480,17.07055941419507
481,17.11858648665446
482,17.196558714129957
483,17.219906861932863
484,17.335862988411623
485,16.982398225198292
486,17.344999893917105
487,17.080664606051705
488,17.144278171177998
489,17.354810471272398
490,17.06794588652699
491,17.186547420339803
492,17.34535805507765
493,17.18958095838294
494,17.275373828231928
495,17.142281244145934
496,17.130295459821664
497,17.23750462058773
498,17.187111219734934
499,17.391002249959595
500,17.29113618505866
501,17.35431416514251
502,17.21177883354739
503,17.23607299521083
504,17.236912627449698
505,17.143177320088565
506,17.19281103118749
507,17.259404155524802
508,17.243266436803577
509,17.08028636733733
510,17.237466498216214
511,17.24151828643934
512,17.284271080191004
513,17.370007915827394
514,17.149453126111396
515,17.32513033307928
516,17.151850116787017
517,17.14317732008857
518,17.10075205942667
519,17.219551427654608
520,17.2588423874701
521,17.1700567273772
522,17.152676389106315
523,17.320884954378247
524,17.219906861932863
525,17.24326643680358
526,17.302574965380895
527,17.1494531261114
528,17.26238347206054
529,17.251841656383807
530,17.19281103118749
531,17.237466498216218
532,17.275373828231924
533,17.24685319337936
534,17.23750462058772
535,17.199170313824144
536,17.38883264927766
537,17.125210758773513
538,17.127405651133564
539,17.311118953345684
540,17.098736891637923
541,17.09455832509141
542,17.341781137131996
543,17.218036247387353
544,17.235633035901873
545,17.259041909914217
546,17.27537382823192
547,17.217160241067425
548,17.211778833547392
549,17.104015425885006
550,17.24326643680358
551,17.106003024321158
552,17.242133232484804
553,17.37000791582739
554,17.235126765755144
555,17.335862988411627
556,17.291556344609116
557,17.32861298366656
558,17.056088384758
559,17.396744200860258
560,17.274459017921668
561,17.40236850642913
562,17.235126765755144
563,17.212381491220214
564,17.19494336311041
565,17.216595462336464
566,17.302574965380902
567,17.27868381342455
568,17.125713646340134
569,17.33586298841163
570,17.20690872889882
571,17.145154314179692
572,17.315235922753203
573,17.093599806485376
574,17.335862988411623
575,17.274016481111264
576,17.070559414195067
577,17.27401648111127
578,17.191289525723985
579,17.34535805507766
580,17.281555057529722
581,17.028003244938454
582,17.11956840544516
583,17.059916431813456
584,17.28295479791828
585,17.277039550429677
586,17.278537185886826
587,17.06794588652699
588,17.21906020312202
589,17.258842387470096
590,17.206908728898817
591,17.206908728898824
592,17.194891045882393
593,17.149453126111396
594,17.29902534968414
595,16.918059511832457
596,17.19414327586539
597,17.013082008212294
598,17.235126765755144
599,17.238972578294383
600,17.147391941261517
601,17.024066941337384
602,17.196558714129953
603,17.277039550429684
604,17.275328040480733
605,17.098531329706322
606,17.18714416108688
607,17.23512676575514
608,17.3562613912896
609,17.169128891784254
610,17.325993939022126
611,17.299025349684147
612,17.293946948233714
613,17.18714416108688
614,17.11681210870782
615,17.129979312137944
616,17.196324307960932
617,17.235754344733607
618,17.194943363110397
619,17.243266436803584
620,17.143177320088565
621,17.397293732503023
622,17.24151828643935
623,17.096971392580553
624,17.195643780394054
625,17.175985662998137
626,17.351046515918302
627,17.269043398635684
628,17.03258088920124
629,17.17301176622017
630,17.259041909914217
631,17.258842387470096
632,17.379510245873835
633,17.263545045772073
634,17.09886208045348
635,17.242575697479054
636,17.331293638074854
637,17.168118925658924
638,17.344999893917105
639,17.36247764418842
640,17.213448024937918
641,17.21513750865636
642,17.194943363110404
643,17.361413504962528
644,17.25448045160278
645,17.28811112274882
646,17.169128891784258
647,17.159015075054164
648,17.187144161086877
649,17.31556291746501
650,17.297273031566267
651,17.36098500799087
652,17.21177883354739
653,17.056088384757988
654,17.2588423874701
655,17.287681043410686
656,17.237504620587725
657,17.33593702759918
658,17.192811031187492
659,17.147391941261517
660,17.29817602069062
661,17.152705381428696
662,17.29902534968415
663,17.415958947404192
664,17.227575600848034
665,17.236072995210826
666,17.047924526604703
667,17.194891045882386
668,17.187111219734938
669,17.28860833595389
670,17.243266436803577
671,17.237466498216207
672,17.002156233188348
673,17.257156872398436
674,17.280047438471165
675,17.3498661033133
676,17.171322428334108
677,17.25715687239843
678,17.27703955042968
679,17.236912627449698
680,17.17218495782084
681,17.171322428334122
682,17.199938448758424
683,17.278683813424536
684,17.36247764418842
685,17.169128891784254
686,17.260543573450033
687,17.192811031187485
688,17.194143275865393
689,17.41327073199082
690,17.223036224601092
691,17.273590483822527
692,17.2808854172367
693,17.30257496538091
694,17.295335451795673
695,17.078773626536176
696,17.25904190991422
697,17.101394407391258
698,17.23512676575514
699,17.07806755177679
700,17.32035064395297
701,17.306185730378626
702,17.19993844875842
703,17.335862988411627
704,17.2767882268013
705,17.364307977801403
706,17.176089815400086
707,17.3025749653809
708,17.224265046040305
709,17.23691262744969
710,16.859178489733598
711,17.16762701192062
712,17.097587998421773
713,17.15270538142869
714,17.14526729618573
715,17.172844169171317
716,17.254587123146393
717,17.33586298841162
718,17.13029545982166
719,17.359321884711218
720,17.143177320088554
721,17.349866103313285
722,17.194143275865393
723,17.236912627449694
724,17.23746649821621
725,17.28497585662073
726,17.105744237626617
727,17.3643079778014
728,17.353176938857473
729,17.199170313824144
730,17.346345658966655
731,17.132487422795226
732,17.152676389106322
733,17.192811031187485
734,17.25904190991422
735,17.275687186625373
736,17.23750462058773
737,17.3390487575986
738,17.265404858775444
739,17.32513033307928
740,17.365751103715
741,17.292576359100593
742,17.284271080191004
743,17.23750462058772
744,17.278828851275037
745,17.26772469114742
746,17.222271535451203
747,17.299025349684147
748,17.19219255676965
749,17.176621821427567
750,17.354810471272405
751,17.143177320088565
752,17.129410722407343
753,17.27975517319779
754,17.411308573988894
755,17.32513033307928
756,17.274016481111264
757,17.32844278019587
758,17.09886208045348
759,17.251841656383792
760,17.297273031566267
761,17.446920088807914
762,16.946066177969996
763,17.31556291746501
764,17.321404963543177
765,17.11956840544516
766,17.169852651315125
767,17.22227153545121
768,17.34778061656238
769,17.315562917465012
770,17.263545045772076
771,17.219260362984542
772,17.145154314179695
773,17.364307977801406
774,17.27975517319778
775,17.17294778272122
776,17.400774809197472
777,17.048950206658237
778,17.298176020690622
779,17.1700567273772
780,17.26809502183574
781,17.21906020312203
782,17.172184957820843
783,17.284271080191004
784,17.21659546233646
785,17.383938517979676
786,17.237504620587725
787,17.16136567649328
788,17.23746649821621
789,17.21254703739172
790,17.27532804048073
791,17.381921348130586
792,17.2767882268013
793,17.302574965380906
794,17.37044702432775
795,17.318123662321582
796,17.21344802493791
797,17.070809361221603
798,17.23750462058773
799,17.35420080541816
800,17.370007915827387
801,17.29902534968415
802,17.280885417236707
803,17.378470342440522
804,17.17005672737719
805,17.287742442127993
806,17.236912627449687
807,17.219551427654604
808,17.235126765755137
809,17.09758799842177
810,17.281555057529722
811,17.07277082549411
812,17.213448024937925
813,17.21659546233646
814,17.39826253486894
815,17.142630519416166
816,17.31016003767802
817,17.1700567273772
818,17.254587123146397
819,17.175985662998137
820,17.38860606457305
821,17.306386826206413
822,17.152676389106315
823,17.23750462058773
824,17.412099286575273
825,17.499611207593297
826,17.194891045882386
827,17.252131068135487
828,16.94226821910377
829,17.127405651133568
830,17.106003024321154
831,17.298085540361956
832,17.381921348130586
833,17.10075205942667
834,17.196324307960943
835,17.23512676575514
836,17.38192134813059
837,17.02332751826228
838,17.2117788335474
839,17.188078054546313
840,17.170056727377197
841,17.30638682620641
842,17.07277082549411
843,17.278537185886826
844,17.25723026732757
845,17.341781137131992
846,17.36247764418842
847,17.41595894740419
848,17.31016003767801
849,17.31556291746501
850,17.25904190991422
851,17.29727303156626
852,17.265404858775447
853,17.265404858775444
854,17.17139721025937
855,17.30762939402497
856,17.213448024937914
857,17.246853193379355
858,17.169128891784258
859,17.12178612534154
860,17.37044702432775
861,17.16912889178426
862,17.313133833043928
863,17.370447024327746
864,17.23746649821621
865,17.125713646340134
866,17.328647345698407
867,17.295335451795676
868,17.256386912343295
869,17.207738490849767
870,17.196324307960936
871,17.028006400845324
872,17.127405651133568
873,17.21803624738736
874,17.151575678056908
875,17.05608838475799
876,17.280885417236696
877,17.151578170784763
878,17.275617200971183
879,17.169128891784258
880,17.230850951556768
881,17.223036224601092
882,17.315562917465005
883,17.420417183593713
884,17.096971392580553
885,17.27703955042967
886,17.19655871412995
887,17.262885886808956
888,17.3449998939171
889,17.127405651133568
890,17.18714416108687
891,17.31376805948657
892,17.08080298659757
893,17.277039550429674
894,17.370447024327753
895,17.330484024939963
896,17.257053270611323
897,17.370007915827383
898,17.211778833547385
899,17.33586298841162
900,17.299025349684147
901,17.182805713533252
902,17.172184957820846
903,17.306185730378626
904,17.127405651133568
905,17.30180837814341
906,17.416255437686004
907,17.326321610422323
908,17.07000720884776
909,17.1700567273772
910,17.16912889178425
911,16.947416381418652
912,17.331293638074843
913,17.370447024327746
914,17.169488699607072
915,17.442474560791158
916,17.274016481111268
917,17.306386826206406
918,17.176621821427567
919,17.16912889178426
920,17.328442780195868
921,17.263545045772076
922,17.218036247387356
923,17.349866103313296
924,17.307997927471117
925,17.219060203122023
926,17.315562917465005
927,17.434707884356513
928,17.141826589220763
929,17.310160037678024
930,17.252131068135494
931,17.09758799842177
932,17.285079160349603
933,17.26238347206054
934,17.357879599630238
935,17.170056727377197
936,17.189558208864153
937,17.246553655066844
938,17.31151416335878
939,17.32861298366656
940,17.073806877417578
941,17.092146622356317
942,17.275373828231928
943,17.278537185886822
944,17.168650283753983
945,17.26288588680896
946,17.382969314469385
947,17.219551427654604
948,17.282954797918286
949,17.194519433490555
950,17.446920088807914
951,17.23781578276232
952,17.206908728898824
953,17.278828851275044
954,17.294458570631853
955,17.13035650412772
956,17.2588423874701
957,17.147391941261517
958,17.19655871412995
959,17.35191524740884
960,17.31376805948657
961,17.259041909914224
962,17.25213106813549
963,17.19917031382414
964,17.345358055077646
965,17.277039550429674
966,17.252131068135498
967,17.31097698632886
968,17.287742442128
969,17.159015075054164
970,17.3025749653809
971,17.235611322862372
972,17.382969314469385
973,17.14317732008856
974,17.141795267021063
975,17.182805713533245
976,17.194943363110408
977,17.222271535451206
978,17.416255437686
979,17.152676389106322
980,17.11681210870783
981,17.372447577961836
982,17.169128891784258
983,17.310160037678013
984,17.27537382823192
985,17.10600302432115
986,17.27445901792166
987,17.33586298841162
988,17.214737798089768
989,17.349866103313293
990,17.2588423874701
991,17.278537185886826
992,17.236818190517937
993,17.30762939402497
994,17.242112837006832
995,17.25458712314639
996,17.223036224601092
997,17.194943363110408
998,17.2767882268013
999,17.44780988304227
1000,17.18876870253142
1001,17.447673719480328
1002,17.217160241067432
1003,17.32599393902213
1004,17.414815640989215
1005,17.188078054546317
1006,17.23897257829438
1007,17.364307977801396
1008,17.2602180213274
1009,17.37352029411625
1010,17.25715687239842
1011,17.331293638074847
1012,17.33586298841162
1013,17.29902534968414
1014,17.096971392580556
1015,17.406307664237612
1016,17.072871274064212
1017,17.295335451795676
1018,17.21238149122021
1019,17.12571364634013
1020,17.310160037678013
1021,17.23691262744969
1022,17.211778833547395
1023,17.152676389106325
1024,17.172184957820846
1025,17.151575678056908
1026,17.476247792596634
1027,17.23750462058773
1028,17.264849282708653
1029,17.41209928657528
1030,17.277039550429674
1031,17.243266436803573
1032,17.320884954378243
1033,17.370007915827394
1034,17.33586298841163
1035,17.34535805507765
1036,17.39729373250302
1037,17.295335451795676
1038,17.328612983666563
1039,17.127405651133568
1040,17.297273031566274
1041,17.21177883354739
1042,17.171397210259375
1043,17.142732460280214
1044,17.318123662321586
1045,17.23607299521083
1046,17.029906228813424
1047,17.195643780394054
1048,17.41625543768601
1049,17.196558714129957
1050,17.276788226801298
1051,17.219060203122023
1052,17.144278171177998
1053,17.278537185886833
1054,17.22678796211999
1055,17.259404155524802
1056,17.420417183593713
1057,17.29902534968414
1058,17.37847034244053
1059,17.310160037678006
1060,17.196558714129953
1061,17.37044702432775
1062,17.237504620587714
1063,17.34778061656238
1064,17.259041909914217
1065,17.4319685533729
1066,17.341781137131996
1067,17.002156233188344
1068,17.251405036352036
1069,17.447673719480328
1070,17.08080298659758
1071,17.216595462336457
1072,17.095718754629697
1073,17.38727662717916
1074,17.127405651133564
1075,17.236912627449705
1076,17.315562917465
1077,17.38860606457305
1078,17.237466498216207
1079,17.237466498216214
1080,17.460211618636503
1081,17.268095021835737
1082,17.136838215059452
1083,17.402132393267866
1084,16.994891365691952
1085,17.3152359227532
1086,17.165247565693054
1087,17.096971392580556
1088,17.287742442127996
1089,17.325130333079283
1090,17.313768059486573
1091,17.191289525723988
1092,17.32035064395297
1093,17.315562917465
1094,17.237466498216214
1095,17.30762939402497
1096,17.447809883042282
1097,17.383014092278245
1098,17.32513033307928
1099,17.15983713005428
1100,17.246553655066844
1101,17.37847034244052
1102,17.325993939022123
1103,17.369151968870277
1104,17.43016181648498
1105,17.412099286575273
1106,17.258842387470093
1107,17.21926036298454
1108,17.381921348130586
1109,17.35093278508841
1110,17.216595462336457
1111,17.252131068135494
1112,17.152705381428696
1113,17.3548104712724
1114,17.416255437686008
1115,17.360985007990866
1116,17.27703955042968
1117,17.214737798089768
1118,17.259041909914217
1119,17.21659546233646
1120,17.007035474797824
1121,17.346345658966655
1122,17.192811031187485
1123,17.10013441474594
1124,17.25904190991422
1125,17.1279462051872
1126,17.30762939402497
1127,17.262043940236847
1128,17.172184957820846
1129,17.430161816484976
1130,17.350932785088418
1131,17.295335451795676
1132,16.88305034426428
1133,17.252131068135498
1134,17.09758799842177
1135,17.1233314756162
1136,17.213448024937918
1137,17.41954652023606
1138,17.27703955042968
1139,17.280047438471165
1140,17.278683813424536
1141,17.275373828231924
1142,17.458976764349444
1143,17.279755173197778
1144,17.28454007960733
1145,17.23897257829438
1146,17.310160037678013
1147,17.364307977801392
1148,17.331293638074847
1149,17.313768059486563
1150,17.328442780195875
1151,17.262885886808952
1152,17.230850951556764
1153,17.332818646073683
1154,17.216595462336453
1155,17.151850116787017
1156,17.122901272433463
1157,17.317794414567715
1158,17.315562917465016
1159,17.346345658966655
1160,17.349866103313293
1161,17.258842387470107
1162,17.192811031187492
1163,17.41209928657528
1164,17.347780616562375
1165,17.36141350496252
1166,17.080286367337344
1167,17.36235128206123
1168,17.273590483822524
1169,17.315235922753203
1170,17.321404963543173
1171,17.372647617621826
1172,17.129410722407346
1173,17.060107377845494
1174,17.43870512989218
1175,17.344999893917112
1176,17.315562917465
1177,17.280047438471165
1178,17.23575434473361
1179,17.15727887725069
1180,17.341781137131992
1181,17.236818190517926
1182,17.259404155524805
1183,17.430161816484986
1184,17.347780616562368
1185,17.348753990827046
1186,17.275373828231928
1187,17.370447024327753
1188,17.17598566299814
1189,17.382969314469385
1190,17.09873689163792
1191,17.262885886808952
1192,17.347780616562375
1193,17.31376805948657
1194,17.31556291746501
1195,17.318123662321586
1196,17.39945014520328
1197,17.175985662998137
1198,17.311118953345687
1199,17.24326643680358
1200,17.29902534968415
1201,17.331293638074847
1202,17.315562917465005
1203,17.28811112274881
1204,17.279755173197778
1205,17.147391941261517
1206,17.100752059426675
1207,17.311118953345673
1208,17.125210758773502
1209,17.299025349684147
1210,17.152705381428703
1211,17.022126292528245
1212,17.241518286439344
1213,17.278537185886826
1214,17.37847034244052
1215,17.12740565113357
1216,17.38727662717915
1217,17.169128891784254
1218,17.176621821427563
1219,17.298176020690626
1220,17.335862988411616
1221,17.460211618636496
1222,17.346345658966655
1223,17.161250812141255
1224,17.446920088807907
1225,17.310160037678013
1226,17.335862988411623
1227,17.21513750865636
1228,17.38301409227824
1229,17.399450145203268
1230,17.263545045772073
1231,17.399450145203268
1232,17.37352029411625
1233,17.18955820886415
1234,17.080802986597583
1235,17.276788226801294
1236,17.315434286084212
1237,17.199938448758424
1238,17.258842387470104
1239,17.40213239326786
1240,17.21659546233646
1241,17.23512676575514
1242,17.370447024327746
1243,17.09352829424098
1244,17.396744200860265
1245,17.287742442127996
1246,17.36235128206123
1247,17.39674420086026
1248,17.297273031566263
1249,17.235126765755144
1250,17.235126765755133
1251,17.383938517979672
1252,17.062933074474074
1253,17.236976504035653
1254,17.284271080191004
1255,17.307629394024975
1256,17.34986610331329
1257,17.089050523026344
1258,17.34499989391711
1259,17.39945014520327
1260,17.325993939022126
1261,17.295335451795676
1262,17.280047438471165
1263,17.331293638074847
1264,17.219060203122016
1265,17.243266436803577
1266,17.29533545179568
1267,17.31556291746501
1268,17.37264761762182
1269,17.27703955042968
1270,17.499611207593304
1271,17.246553655066844
1272,17.320884954378247
1273,17.370447024327746
1274,17.274016481111268
1275,17.32599393902213
1276,17.364307977801403
1277,17.362351282061226
1278,17.414815640989215
1279,17.446920088807907
1280,17.079705436946103
1281,17.362477644188417
1282,17.169128891784254
1283,17.23681819051793
1284,17.235633035901866
1285,17.32599393902213
1286,17.30618573037863
1287,17.172184957820846
1288,17.384297565276835
1289,17.43016181648498
1290,17.237466498216214
1291,17.25671244237338
1292,17.291556344609113
1293,17.262885886808952
1294,17.399450145203275
1295,17.206908728898814
1296,17.29902534968414
1297,17.214737798089764
1298,17.199170313824144
1299,17.051644996115332
1300,17.349866103313293
1301,17.218036247387356
1302,17.17218495782084
1303,17.335862988411627
1304,17.38860606457305
1305,17.335937027599194
1306,17.26238347206055
1307,17.328647345698414
1308,17.2195514276546
1309,17.235633035901863
1310,17.325993939022126
1311,17.147391941261525
1312,17.237504620587718
1313,17.315562917465005
1314,17.409339213254764
1315,17.252131068135494
1316,17.419546520236068
1317,17.101394407391254
1318,17.21926036298454
1319,17.17598566299814
1320,17.37000791582739
1321,17.288608335953892
1322,17.279755173197785
1323,17.29533545179568
1324,17.056088384757995
1325,17.315562917465005
1326,17.335862988411623
1327,17.219260362984542
1328,17.216595462336457
1329,17.393811546093847
1330,17.097587998421773
1331,17.298380763854233
1332,17.219551427654604
1333,17.42041718359371
1334,17.17662182142756
1335,17.219260362984542
1336,17.174158509439952
1337,17.344999893917105
1338,17.483656017425805
1339,17.325993939022126
1340,17.19451943349056
1341,17.298176020690622
1342,17.15267638910632
1343,17.39729373250302
1344,17.151578170784763
1345,17.27975517319779
1346,17.222271535451203
1347,17.222271535451203
1348,17.307629394024975
1349,17.152676389106322
1350,17.33129363807485
1351,17.29727303156627
1352,17.399450145203268
1353,17.26238347206054
1354,17.420417183593713
1355,17.387276627179162
1356,17.328647345698414
1357,17.299025349684143
1358,17.30762939402497
1359,17.2588423874701
1360,17.262885886808956
1361,17.199170313824144
1362,17.362351282061226
1363,17.260218021327393
1364,17.362477644188413
1365,17.213448024937925
1366,17.218036247387364
1367,17.37044702432775
1368,17.351046515918302
1369,17.172184957820846
1370,16.97333698565054
1371,17.34634565896665
1372,17.28004743847116
1373,17.335937027599186
1374,17.30535189131047
1375,17.278537185886826
1376,17.219062828813858
1377,17.192192556769655
1378,17.318123662321582
1379,17.21177883354739
1380,17.262885886808952
1381,17.21803624738736
1382,17.219260362984546
1383,17.292576359100604
1384,17.297273031566274
1385,17.362477644188417
1386,17.213448024937918
1387,17.236818190517933
1388,17.383938517979676
1389,17.19783448769597
1390,17.20217530200361
1391,17.02406694133738
1392,17.38860606457305
1393,17.397293732503027
1394,17.25458712314639
1395,17.24257569747905
1396,17.444631123519706
1397,17.362477644188413
1398,17.24257569747905
1399,17.350932785088414
1400,17.238972578294383
1401,17.25213106813549
1402,17.370312219062
1403,17.13976153754035
1404,17.252131068135487
1405,17.377576433322766
1406,17.302574965380906
1407,17.40236850642913
1408,17.206908728898814
1409,17.09455832509141
1410,17.287742442127996
1411,17.26054357345003
1412,17.105744237626613
1413,17.25458712314639
1414,17.362477644188424
1415,17.252131068135498
1416,17.431968553372904
1417,17.37757643332276
1418,17.10600302432115
1419,17.41625543768602
1420,17.412099286575277
1421,17.275328040480723
1422,17.310976986328857
1423,17.321925574874527
1424,17.311118953345684
1425,17.29643794505568
1426,17.460211618636503
1427,17.23691262744969
1428,17.475680524734475
1429,17.080286367337333
1430,17.305770279577843
1431,17.274016481111268
1432,17.224265046040298
1433,17.293946948233714
1434,17.100752059426668
1435,17.328612983666563
1436,17.38296931446938
1437,17.342066501775946
1438,17.278537185886815
1439,17.37951024587384
1440,17.350932785088414
1441,17.350932785088414
1442,17.230850951556768
1443,17.259041909914217
1444,17.3152359227532
1445,17.335862988411627
1446,17.34634565896666
1447,17.3548104712724
1448,17.331293638074847
1449,17.379510245873842
1450,17.36247764418841
1451,17.370007915827387
1452,17.364307977801406
1453,17.420417183593703
1454,17.328442780195875
1455,17.214737798089768
1456,17.143383940515637
1457,17.342066501775943
1458,17.32513033307928
1459,17.23746649821621
1460,17.310160037678017
1461,17.431968553372908
1462,17.27853718588682
1463,17.391002249959595
1464,17.370312219062015
1465,17.397293732503016
1466,17.216595462336464
1467,17.299025349684147
1468,17.335937027599183
1469,17.409339213254764
1470,17.328647345698403
1471,17.21716024106743
1472,17.278828851275033
1473,17.17127560311836
1474,17.24257569747905
1475,17.32088495437824
1476,17.402368506429138
1477,17.237466498216214
1478,17.29902534968414
1479,17.191524898907144
1480,17.31097698632886
1481,17.277039550429677
1482,17.287742442127996
1483,17.32861298366656
1484,17.145154314179695
1485,17.064495165806008
1486,17.236912627449687
1487,17.13062382452232
1488,17.343690973193176
1489,17.364307977801403
1490,17.25458712314639
1491,17.196558714129953
1492,17.287742442128
1493,17.177864234567885
1494,17.25904190991422
1495,17.287742442127996
1496,17.328612983666567
1497,17.415958947404185
1498,17.40077480919748
1499,17.351915247408833
1500,17.317152956141285
1501,17.118586486654465
1502,17.113873004955515
1503,17.383014092278252
1504,17.23709849751251
1505,17.36098500799087
1506,17.41372257054102
1507,17.341206343582318
1508,17.215137508656362
1509,17.35838290483349
1510,17.335937027599183
1511,17.175985662998137
1512,17.383014092278245
1513,17.24151828643935
1514,17.349866103313293
1515,17.402368506429134
1516,17.370447024327753
1517,17.265404858775447
1518,17.343690973193173
1519,17.31779441456772
1520,17.242575697479044
1521,17.252131068135494
1522,17.382969314469392
1523,17.237504620587725
1524,17.344466332037385
1525,17.431968553372904
1526,17.2644323955311
1527,17.284271080191008
1528,17.364672259714364
1529,17.295335451795676
1530,17.251841656383803
1531,17.152676389106325
1532,17.30762939402497
1533,17.335862988411623
1534,17.341781137132003
1535,17.143177320088572
1536,17.275373828231928
1537,17.390478927024464
1538,17.38727662717915
1539,17.246553655066844
1540,17.381921348130597
1541,17.07806755177679
1542,17.32864734569841
1543,17.10574423762661
1544,17.373520294116247
1545,17.37352029411625
1546,17.2230362246011
1547,17.378470342440526
1548,17.216595462336457
1549,17.315235922753203
1550,17.182805713533245
1551,17.46021161863649
1552,17.43016181648498
1553,17.130295459821657
1554,17.412753763964353
1555,17.38860606457305
1556,17.36466659326264
1557,17.41954652023606
1558,17.34535805507765
1559,17.349866103313296
1560,17.275373828231924
1561,17.302574965380902
1562,17.196558714129957
1563,17.23750462058772
1564,17.447673719480324
1565,17.216595462336457
1566,17.4319685533729
1567,17.31016003767801
1568,17.280302367776464
1569,17.19535180686992
1570,17.38727662717915
1571,17.335862988411623
1572,17.34411659339466
1573,17.447673719480324
1574,17.219260362984542
1575,17.3498661033133
1576,17.36228664886811
1577,17.262383472060538
1578,17.38296931446939
1579,17.263545045772073
1580,17.38727662717916
1581,17.391002249959595
1582,17.349632448629865
1583,17.292576359100607
1584,17.462295722147747
1585,17.28768104341068
1586,17.381503897809676
1587,17.299025349684147
1588,17.370447024327753
1589,17.236912627449698
1590,17.238972578294383
1591,17.349866103313296
1592,17.310976986328853
1593,17.29875809297226
1594,17.345358055077654
1595,17.32599393902213
1596,17.212381491220206
1597,17.259041909914227
1598,17.362286648868114
1599,17.080286367337333
1600,17.351046515918306
1601,17.195643780394057
1602,17.28030236777647
1603,17.328647345698407
1604,17.382969314469385
1605,17.370447024327746
1606,17.364672259714368
1607,17.399450145203264
1608,17.419546520236064
1609,17.331293638074833
1610,17.21177883354739
1611,17.295335451795673
1612,17.33593702759919
1613,17.236912627449694
1614,17.31556291746501
1615,17.165247565693054
1616,17.2588423874701
1617,17.36235128206123
1618,17.45897676434944
1619,17.275373828231928
1620,17.379745730571308
1621,17.127405651133568
1622,17.192192556769648
1623,17.411308573988894
1624,17.219551427654604
1625,17.23691262744969
1626,17.152705381428692
1627,17.382969314469385
1628,17.325130333079287
1629,17.325993939022133
1630,16.99554284958073
1631,17.34499989391711
1632,17.420417183593717
1633,17.25140503635203
1634,17.25839968476487
1635,17.400409494639216
1636,17.299025349684143
1637,17.27561720097118
1638,17.325993939022126
1639,17.275373828231928
1640,17.413722570541015
1641,17.378470342440515
1642,17.264432395531095
1643,17.15983713005429
1644,17.393811546093826
1645,17.078773626536176
1646,17.413270731990828
1647,17.328647345698407
1648,17.39945014520326
1649,17.434707884356516
1650,17.317152956141285
1651,17.379510245873835
1652,17.1700567273772
1653,17.33129363807485
1654,17.219551427654604
1655,17.174158509439952
1656,17.320350643952967
1657,17.430161816484976
1658,17.298176020690633
1659,17.351915247408844
1660,17.328647345698414
1661,17.251841656383807
1662,17.3643079778014
1663,17.358382904833483
1664,17.29155634460912
1665,17.373520294116247
1666,17.219260362984542
1667,17.362477644188417
1668,17.19451943349056
1669,17.3643079778014
1670,17.28860833595389
1671,16.996680998976142
1672,17.21716024106743
1673,17.317152956141285
1674,17.460211618636496
1675,17.317152956141282
1676,17.277834793986948
1677,17.28860833595388
1678,17.258399684764875
1679,17.237466498216207
1680,17.47624779259663
1681,17.187144161086877
1682,17.43870512989218
1683,17.390478927024457
1684,17.275373828231928
1685,17.002156233188344
1686,17.31556291746501
1687,17.344999893917105
1688,17.419546520236064
1689,17.172054681108985
1690,17.313768059486566
1691,17.32632161042232
1692,17.287742442127996
1693,17.45897676434944
1694,17.343690973193183
1695,17.402368506429127
1696,17.343690973193187
1697,17.15267638910632
1698,17.377576433322766
1699,17.213402618572886
1700,17.34206650177595
1701,17.298176020690622
1702,17.391002249959598
1703,17.31111895334568
1704,17.3286473456984
1705,17.4319685533729
1706,17.32192557487452
1707,17.127946205187197
1708,17.331293638074843
1709,17.34778061656238
1710,17.419546520236057
1711,17.315235922753203
1712,17.409339213254764
1713,17.27703955042968
1714,17.310160037678006
1715,17.287681043410682
1716,17.420447618646964
1717,17.43477938109131
1718,17.41625543768601
1719,17.279755173197785
1720,17.36235128206122
1721,17.47568052473447
1722,17.328647345698414
1723,17.274016481111264
1724,17.139761537540345
1725,17.15727887725069
1726,17.311118953345684
1727,17.047924526604703
1728,17.277039550429684
1729,17.21659546233646
1730,17.196558714129953
1731,17.37044702432775
1732,17.34369097319318
1733,17.331151627732176
1734,17.4319685533729
1735,17.277039550429677
1736,17.029906228813434
1737,17.384297565276842
1738,17.36247764418841
1739,17.342066501775946
1740,17.364307977801396
1741,17.21803624738736
1742,17.34634565896666
1743,17.3643079778014
1744,17.2588423874701
1745,17.326321610422312
1746,17.27868381342455
1747,17.402368506429134
1748,17.241518286439348
1749,17.2588423874701
1750,17.218036247387364
1751,17.147391941261517
1752,17.25940415552481
1753,17.196558714129957
1754,17.23691262744969
1755,16.942268219103774
1756,17.191524898907133
1757,17.213448024937907
1758,17.307629394024968
1759,17.259041909914217
1760,17.373520294116243
1761,17.095718754629704
1762,17.34986610331329
1763,17.39674420086025
1764,17.331922109261136
1765,17.381503897809683
1766,17.310160037678003
1767,17.206908728898814
1768,17.251841656383796
1769,17.339048757598604
1770,17.238972578294383
1771,17.342066501775946
1772,17.178585473728095
1773,17.373208410117407
1774,17.39826253486894
1775,17.274016481111268
1776,17.23691262744969
1777,17.15270538142869
1778,17.222271535451206
1779,17.3643079778014
1780,17.34778061656238
1781,17.400409494639224
1782,17.22227153545121
1783,17.370447024327742
1784,17.43016181648498
1785,17.195351806869915
1786,17.236912627449687
1787,17.343690973193187
1788,17.274016481111275
1789,17.38860606457306
1790,17.332818646073676
1791,17.42044761864696
1792,17.315562917465016
1793,17.3643079778014
1794,17.236912627449694
1795,17.19564378039406
1796,17.373208410117407
1797,17.280302367776468
1798,17.499611207593304
1799,17.393811546093836
1800,17.216595462336468
1801,17.256712442373377
1802,17.402368506429138
1803,17.32575390439736
1804,17.285079160349607
1805,17.3643079778014
1806,17.28811112274881
1807,17.32864734569841
1808,17.47568052473447
1809,17.32864734569841
1810,17.093804660599076
1811,17.299025349684147
1812,17.260543573450036
1813,17.364307977801403
1814,17.1700567273772
1815,17.388606064573054
1816,17.40213239326786
1817,17.483656017425805
1818,17.3173466259123
1819,17.40040949463922
1820,17.15267638910632
1821,17.236912627449694
1822,17.339048757598597
1823,17.264432395531102
1824,17.47568052473447
1825,17.27401648111127
1826,17.328442780195875
1827,17.370447024327753
1828,17.26354504577207
1829,17.32575390439736
1830,17.310160037678006
1831,17.278537185886822
1832,17.320350643952967
1833,17.350932785088414
1834,17.362477644188413
1835,17.328612983666563
1836,17.00034816948443
1837,17.346345658966655
1838,17.295335451795673
1839,17.364666593262626
1840,17.17598566299814
1841,17.257230267327568
1842,17.3390487575986
1843,17.28860833595388
1844,17.2767882268013
1845,17.43016181648498
1846,17.409339213254764
1847,17.27537382823192
1848,17.438705129892174
1849,17.3548104712724
1850,17.370447024327746
1851,17.38430549147733
1852,17.431968553372908
1853,17.347780616562375
1854,17.29533545179568
1855,17.38727662717916
1856,17.420417183593713
1857,17.117621313260457
1858,17.259404155524802
1859,17.259041909914217
1860,17.074677038454446
1861,17.259404155524813
1862,17.19783894737094
1863,17.26354504577207
1864,17.449342095708758
1865,17.146460751878394
1866,17.362477644188413
1867,17.341499248103034
1868,17.33586298841163
1869,17.256712442373388
1870,17.364307977801396
1871,17.34535805507765
1872,17.17139721025937
1873,17.381503897809683
1874,17.41481564098922
1875,17.132487422795226
1876,17.24112898215021
1877,17.362477644188417
1878,17.11956840544516
1879,17.328647345698403
1880,17.28030236777646
1881,17.246553655066844
1882,17.444631123519706
1883,17.070183436242136
1884,17.370447024327756
1885,17.315562917465005
1886,17.362477644188417
1887,17.2370984975125
1888,17.129410722407354
1889,17.291136185058665
1890,17.264849282708642
1891,17.223036224601092
1892,17.30799792747112
1893,17.268368303803474
1894,17.415803092718146
1895,17.42041718359371
1896,17.415803092718146
1897,17.39729373250302
1898,17.17132242833411
1899,17.11855235661568
1900,17.172054681108992
1901,17.246553655066844
1902,17.074677038454436
1903,17.449342095708747
1904,17.44463112351971
1905,17.328612983666556
1906,17.23781578276232
1907,17.383938517979676
1908,17.420417183593713
1909,17.344116593394652
1910,17.169128891784254
1911,17.278537185886826
1912,17.361413504962528
1913,17.297839508960653
1914,17.41209928657528
1915,17.30535189131047
1916,17.464953927585448
1917,17.289711939942183
1918,17.3173466259123
1919,17.32575390439736
1920,17.41209928657528
1921,17.420417183593713
1922,17.419546520236054
1923,17.139644998808365
1924,17.35420080541816
1925,17.31523592275321
1926,17.186489224971996
1927,17.291556344609116
1928,17.362477644188417
1929,17.264849282708642
1930,17.258842387470104
1931,17.32864734569841
1932,17.214737798089768
1933,17.365751103715002
1934,17.444631123519706
1935,17.339048757598604
1936,17.287681043410682
1937,17.391002249959598
1938,17.370447024327753
1939,17.297273031566274
1940,17.219551427654608
1941,17.444631123519706
1942,17.29155634460911
1943,17.362477644188413
1944,17.32599393902212
1945,17.274459017921675
1946,17.328442780195868
1947,17.213825878842602
1948,17.246553655066844
1949,17.475680524734475
1950,17.335937027599183
1951,17.39945014520326
1952,17.14739194126152
1953,17.307997927471117
1954,17.40040949463922
1955,17.344466332037385
1956,17.299025349684143
1957,17.31016003767801
1958,17.43527914210224
1959,17.346345658966655
1960,17.409339213254768
1961,17.17218495782084
1962,17.24326643680358
1963,17.430161816484983
1964,17.402132393267863
1965,17.043727824862724
1966,17.381921348130593
1967,17.237466498216204
1968,17.328612983666563
1969,17.192811031187485
1970,17.47568052473447
1971,17.288608335953885
1972,17.298176020690622
1973,17.447673719480328
1974,17.31111895334569
1975,17.3510465159183
1976,17.29643794505567
1977,17.447673719480328
1978,17.186547420339803
1979,17.235618774906982
1980,17.20217530200361
1981,17.360985007990863
1982,17.218036247387356
1983,17.299025349684143
1984,17.420447618646968
1985,17.447809883042282
1986,17.409339213254768
1987,17.42041718359371
1988,17.2767882268013
1989,17.256386912343295
1990,17.31812366232158
1991,17.1918194980506
1992,17.34446633203739
1993,17.393811546093836
1994,17.254587123146386
1995,17.458976764349444
1996,17.4319685533729
1997,17.45376465621885
1998,17.305351891310472
1999,17.259404155524813
2000,17.400774809197475
2001,17.384305491477335
2002,17.288111122748813
2003,17.339048757598608
2004,17.219551427654608
2005,17.331293638074847
2006,17.373208410117407
2007,17.320884954378243
2008,17.36098500799087
2009,17.388606064573057
2010,17.310160037678017
2011,17.420417183593713
2012,17.318123662321586
2013,17.348753990827053
2014,17.381503897809683
2015,17.28768104341068
2016,17.328647345698403
2017,17.400409494639216
2018,17.40213239326786
2019,17.37044702432775
2020,17.362351282061226
2021,17.275328040480726
2022,17.444631123519706
2023,17.462295722147744
2024,17.3173466259123
2025,17.344466332037392
2026,17.23746649821621
2027,17.342066501775943
2028,17.19451943349056
2029,17.310976986328853
2030,17.31097698632886
2031,17.381503897809683
2032,17.382969314469378
2033,17.37757643332276
2034,17.29817602069062
2035,17.317346625912297
2036,17.373520294116247
2037,17.344999893917098
2038,17.41954652023606
2039,17.328647345698414
2040,17.328612983666563
2041,17.373520294116247
2042,17.347780616562375
2043,17.370312219062
2044,17.258399684764864
2045,17.194519433490555
2046,17.296437945055676
2047,17.364672259714368
2048,17.38430549147734
2049,17.370447024327753
2050,17.409339213254768
2051,17.339048757598608
2052,17.447673719480324
2053,17.29533545179568
2054,17.02595711948129
2055,17.34778061656238
2056,17.297273031566277
2057,17.419546520236057
2058,17.251841656383796
2059,17.3152359227532
2060,17.32844278019587
2061,17.335937027599186
2062,17.17858547372809
2063,17.39381154609383
2064,17.21955142765461
2065,17.32864734569841
2066,17.275373828231917
2067,17.315235922753185
2068,17.43477938109131
2069,17.382969314469385
2070,17.388606064573054
2071,17.462295722147754
2072,17.409339213254764
2073,17.172184957820846
2074,17.347780616562368
2075,17.295335451795673
2076,17.37000791582739
2077,17.38150389780967
2078,17.310976986328864
2079,17.446920088807914
2080,17.37044702432775
2081,17.36228664886811
2082,17.41580309271815
2083,17.351915247408833
2084,17.34634565896666
2085,17.274016481111268
2086,17.28030236777646
2087,17.34535805507765
2088,17.19655871412996
2089,17.306185730378633
2090,17.447673719480328
2091,17.293946948233717
2092,17.379745730571305
2093,17.328647345698403
2094,17.462295722147747
2095,17.310976986328864
2096,17.44780988304228
2097,17.15901507505416
2098,17.391002249959598
2099,17.32864734569841
2100,17.328647345698403
2101,17.381503897809676
2102,17.33586298841163
2103,17.400774809197475
2104,17.402132393267863
2105,17.211778833547385
2106,17.278828851275044
2107,17.168118925658916
2108,17.38296931446939
2109,17.364307977801403
2110,17.444631123519706
2111,17.30561017878784
2112,17.291556344609113
2113,17.280302367776464
2114,17.26836830380347
2115,17.349866103313293
2116,17.30762939402497
2117,17.263545045772062
2118,17.35838290483349
2119,17.377576433322766
2120,17.295335451795676
2121,17.34778061656237
2122,17.35104651591831
2123,17.297273031566274
2124,17.317794414567715
2125,17.26836830380347
2126,17.237466498216214
2127,17.21340261857289
2128,17.343690973193176
2129,17.351046515918316
2130,17.2594041555248
2131,17.259041909914217
2132,17.38430549147734
2133,17.292576359100604
2134,17.37352029411625
2135,17.373520294116254
2136,17.399450145203268
2137,17.47555045027258
2138,17.409254471706898
2139,17.32864734569841
2140,17.344466332037385
2141,17.18648922497199
2142,17.364672259714368
2143,17.32575390439736
2144,17.397293732503027
2145,17.325753904397352
2146,17.287681043410682
2147,17.402132393267866
2148,17.41372257054102
2149,17.46229572214775
2150,17.354200805418163
2151,17.276788226801298
2152,17.27868381342454
2153,17.458976764349448
2154,17.370447024327756
2155,17.298176020690622
2156,17.33593702759918
2157,17.45897676434944
2158,17.35420080541816
2159,17.164185213966583
2160,17.277039550429677
2161,17.400774809197472
2162,17.254587123146393
2163,17.25904190991422
2164,17.224265046040305
2165,17.335937027599183
2166,17.29533545179567
2167,17.310160037678013
2168,17.23639399784512
2169,17.398262534868937
2170,17.182805713533252
2171,17.364307977801396
2172,17.260543573450033
2173,17.391002249959605
2174,17.278537185886826
2175,17.361413504962524
2176,17.447673719480328
2177,17.21659546233646
2178,17.31796098692289
2179,17.40213239326786
2180,17.26772469114742
2181,17.442474560791158
2182,17.34535805507765
2183,17.24326643680358
2184,17.358382904833487
2185,17.458976764349448
2186,17.382969314469392
2187,17.33593702759919
2188,17.41372257054102
2189,17.388606064573054
2190,17.38192134813059
2191,17.0708093612216
2192,17.042318709846654
2193,17.27537382823192
2194,17.298176020690615
2195,17.378470342440533
2196,17.313768059486563
2197,17.242575697479047
2198,17.36467225971437
2199,17.298176020690622
2200,17.194943363110404
2201,17.352543158555356
2202,17.216595462336457
2203,17.232771186854382
2204,17.44767371948032
2205,17.16418521396657
2206,17.32864734569841
2207,17.299025349684143
2208,17.364672259714368
2209,17.37352029411625
2210,17.41372257054102
2211,17.460211618636503
2212,17.400774809197483
2213,17.35191524740884
2214,17.192811031187485
2215,17.39416445596741
2216,17.431968553372904
2217,17.325993939022126
2218,17.458976764349444
2219,17.40077480919748
2220,17.349866103313293
2221,17.447673719480328
2222,17.335862988411623
2223,17.15267638910632
2224,17.310976986328857
2225,17.420417183593713
2226,17.317152956141292
2227,17.38296931446938
2228,17.27783479398694
2229,17.43870512989218
2230,17.372647617621826
2231,17.246553655066847
2232,17.431968553372904
2233,17.41327073199082
2234,17.14764164022337
2235,17.460211618636492
2236,17.43870512989218
2237,17.414815640989218
2238,17.284271080191004
2239,17.419546520236057
2240,17.39002127694724
2241,17.345358055077654
2242,17.25011400499696
2243,17.364672259714368
2244,17.344466332037385
2245,17.370447024327746
2246,17.188078054546317
2247,17.460211618636492
2248,17.223036224601092
2249,17.325753904397356
2250,17.359321884711214
2251,17.31097698632886
2252,17.351046515918306
2253,17.298380763854226
2254,17.394164455967417
2255,17.29838076385424
2256,17.458976764349448
2257,17.246553655066837
2258,17.39381154609384
2259,17.349632448629862
2260,17.306185730378637
2261,17.402132393267863
2262,17.449342095708754
2263,17.277039550429677
2264,17.127946205187197
2265,17.335937027599183
2266,17.2370984975125
2267,17.41372257054101
2268,17.175985662998134
2269,17.33129363807485
2270,17.4602116186365
2271,17.359321884711218
2272,17.29533545179568
2273,17.295335451795676
2274,17.244660102515734
2275,17.25213106813549
2276,17.195643780394054
2277,17.447673719480328
2278,17.34963244862986
2279,17.37264761762183
2280,17.169128891784258
2281,17.254587123146397
2282,17.42041718359371
2283,17.259041909914217
2284,17.246553655066844
2285,17.447673719480328
2286,17.172184957820846
2287,17.37757643332276
2288,17.39945014520327
2289,17.32230404149725
2290,17.293946948233717
2291,17.097587998421776
2292,17.16418521396658
2293,17.362477644188413
2294,17.27537382823192
2295,17.315235922753196
2296,17.4996112075933
2297,17.19783894737094
2298,17.169128891784258
2299,17.35254315855536
2300,17.343690973193173
2301,17.364666593262626
2302,17.41625543768601
2303,17.232771186854386
2304,17.331293638074847
2305,17.299025349684143
2306,17.364307977801403
2307,17.26809502183574
2308,17.378470342440522
2309,17.19783448769597
2310,17.34875399082705
2311,17.246553655066847
2312,17.15727887725069
2313,17.19281103118749
2314,17.458976764349444
2315,17.310160037678003
2316,17.345358055077646
2317,17.344999893917112
2318,17.29394694823371
2319,17.31016003767801
2320,17.30257496538091
2321,17.39945014520326
2322,17.295335451795676
2323,17.33129363807485
2324,17.402368506429138
2325,17.391002249959598
2326,17.278683813424546
2327,17.32861298366657
2328,17.378470342440533
2329,17.409339213254764
2330,17.325130333079287
2331,17.37757643332276
2332,17.446920088807907
2333,17.310160037678013
2334,17.402132393267866
2335,17.321404963543173
2336,17.393811546093836
2337,17.40213239326786
2338,17.276788226801305
2339,17.402132393267863
2340,17.174158509439945
2341,17.342066501775943
2342,17.419546520236054
2343,17.264432395531095
2344,17.317346625912293
2345,17.31812366232159
2346,17.409339213254764
2347,17.43527914210224
2348,17.070809361221595
2349,17.43527914210224
2350,17.350932785088414
2351,17.238972578294383
2352,17.37044702432775
2353,17.33593702759919
2354,17.42041718359371
2355,17.444631123519706
2356,17.45897676434944
2357,17.254587123146386
2358,17.295335451795676
2359,17.21803624738736
2360,17.447673719480324
2361,17.354200805418156
2362,17.373208410117407
2363,17.24213323248481
2364,17.420417183593713
2365,17.306185730378626
2366,17.25940415552481
2367,17.347780616562368
2368,17.218036247387356
2369,17.391002249959595
2370,17.41954652023605
2371,17.434707884356516
2372,17.351915247408837
2373,17.38301409227825
2374,17.38429756527684
2375,17.431968553372904
2376,17.384305491477345
2377,17.26382516794707
2378,17.24151828643934
2379,17.35838290483349
2380,17.2370984975125
2381,17.32575390439736
2382,17.40236850642913
2383,17.197834487695967
2384,17.263825167947072
2385,17.34875399082705
2386,17.097587998421773
2387,17.325753904397356
2388,17.38727662717916
2389,17.430161816484983
2390,17.187111219734945
2391,17.315235922753196
2392,17.259041909914217
2393,17.299025349684154
2394,17.449342095708758
2395,17.342066501775946
2396,17.412753763964343
2397,17.351915247408833
2398,17.3173466259123
2399,17.40213239326786
2400,17.449342095708754
2401,17.44933133824776
2402,17.256712442373384
2403,17.364307977801403
2404,17.259404155524805
2405,17.295335451795673
2406,17.39945014520327
2407,17.382969314469385
2408,17.391002249959598
2409,17.364666593262644
2410,17.38727662717915
2411,17.317152956141282
2412,17.295335451795673
2413,17.19655871412995
2414,17.347780616562375
2415,17.39381154609384
2416,17.412099286575273
2417,17.202175302003617
2418,17.393811546093843
2419,17.41954652023606
2420,17.431968553372908
2421,17.377576433322762
2422,17.343690973193176
2423,17.32844278019588
2424,17.419546520236054
2425,17.202175302003614
2426,17.377576433322762
2427,17.402132393267863
2428,17.252755308073915
2429,17.219551427654608
2430,17.342066501775946
2431,17.252755308073912
2432,17.476247792596634
2433,17.381921348130582
2434,17.416255437686004
2435,17.32864734569841
2436,17.370312219062
2437,17.416255437686008
2438,17.331293638074843
2439,17.384297565276846
2440,17.38860606457305
2441,17.1487888811117
2442,17.348753990827046
2443,17.419546520236057
2444,17.328647345698407
2445,17.373520294116243
2446,17.499611207593304
2447,17.281555057529722
2448,17.372647617621816
2449,17.260543573450033
2450,17.44934209570876
2451,17.409339213254764
2452,17.41580309271815
2453,17.447809883042282
2454,17.275328040480733
2455,17.427037572973617
2456,17.39945014520327
2457,17.407009286313386
2458,17.353176938857466
2459,17.274016481111268
2460,17.34411659339465
2461,17.40933921325476
2462,17.427037572973614
2463,17.27537382823192
2464,17.502968146468938
2465,17.305351891310472
2466,17.391002249959598
2467,17.218036247387353
2468,17.391002249959598
2469,17.38430549147734
2470,17.32861298366656
2471,17.3449998939171
2472,17.415803092718154
2473,17.4113085739889
2474,17.462295722147747
2475,17.419546520236057
2476,17.306185730378633
2477,17.350932785088414
2478,17.382969314469385
2479,17.299025349684143
2480,17.458976764349444
2481,17.40040949463921
2482,17.256712442373388
2483,17.256712442373395
2484,17.362477644188417
2485,17.29533545179568
2486,17.274016481111264
2487,17.373520294116254
2488,17.3548104712724
2489,17.347780616562364
2490,17.364672259714368
2491,17.33586298841163
2492,17.362477644188417
2493,17.317794414567715
2494,17.384305491477342
2495,17.335862988411627
2496,17.242837970727457
2497,17.27532804048073
2498,17.362477644188417
2499,17.447673719480324
2500,17.362477644188424
2501,17.45897676434944
2502,17.33281864607368
2503,17.370312219062015
2504,17.32844278019587
2505,17.236912627449694
2506,17.388606064573054
2507,17.383938517979676
2508,17.449331338247763
2509,17.344999893917105
2510,17.342066501775946
2511,17.32861298366657
2512,17.42044761864697
2513,17.388606064573054
2514,17.447809883042275
2515,17.378470342440522
2516,17.192811031187492
2517,17.38860606457306
2518,17.21473779808977
2519,17.284975856620722
2520,17.398262534868937
2521,17.499611207593308
2522,17.362351282061223
2523,17.399450145203264
2524,17.420417183593713
2525,17.431968553372904
2526,17.382969314469392
2527,17.388606064573043
2528,17.458976764349444
2529,17.447673719480324
2530,17.394164455967417
2531,17.38430549147734
2532,17.19535180686992
2533,17.416255437686004
2534,17.362286648868114
2535,17.287681043410686
2536,17.431968553372904
2537,17.378470342440522
2538,17.29817602069062
2539,17.399450145203264
2540,17.38860606457306
2541,17.362477644188417
2542,17.460211618636492
2543,17.23691262744969
2544,17.34178113713199
2545,17.280302367776464
2546,17.362477644188417
2547,17.391002249959598
2548,17.351046515918306
2549,17.080802986597575
2550,17.444631123519706
2551,17.460211618636496
2552,17.350932785088418
2553,17.307629394024968
2554,17.258842387470104
2555,17.295335451795676
2556,17.402132393267856
2557,17.14431705346956
2558,17.278537185886822
2559,17.325993939022133
2560,17.45897676434944
2561,17.3643079778014
2562,17.37044702432775
2563,17.28088541723671
2564,17.36682492182325
2565,17.438705129892185
2566,17.33192210926114
2567,17.43477938109131
2568,17.348753990827046
2569,17.34986610331329
2570,17.38301409227824
2571,17.331293638074847
2572,17.257230267327564
2573,17.34634565896665
2574,17.24655365506685
2575,17.257053270611326
2576,17.44933133824776
2577,17.416255437686008
2578,17.40040949463922
2579,17.434707884356513
2580,17.287681043410686
2581,17.434707884356513
2582,17.335862988411627
2583,17.400774809197475
2584,17.370447024327746
2585,17.460211618636496
2586,17.27401648111127
2587,17.342066501775946
2588,17.33129363807484
2589,17.43016181648498
2590,17.393811546093836
2591,17.206908728898817
2592,17.462295722147747
2593,17.31097698632886
2594,17.38860606457305
2595,17.310160037678013
2596,17.252755308073912
2597,17.46229572214775
2598,17.3173466259123
2599,17.458976764349444
2600,17.41954652023606
2601,17.328612983666563
2602,17.259041909914217
2603,17.291556344609113
2604,17.325993939022126
2605,17.246553655066847
2606,17.34875399082705
2607,17.170056727377208
2608,17.27537382823193
2609,17.298176020690622
2610,17.38727662717915
2611,17.17662182142756
2612,17.33192210926113
2613,17.39381154609384
2614,17.305351891310472
2615,17.275373828231924
2616,17.362351282061226
2617,17.41372257054101
2618,17.339048757598597
2619,17.275328040480737
2620,17.32583734460527
2621,17.317346625912297
2622,17.47568052473447
2623,17.285079160349603
2624,17.358382904833483
2625,17.35191524740884
2626,17.266155014935027
2627,17.45376465621885
2628,17.317346625912293
2629,17.259041909914217
2630,17.252755308073912
2631,17.391002249959595
2632,17.23563303590186
2633,17.38192134813059
2634,17.407009286313393
2635,17.252755308073915
2636,17.43016181648498
2637,17.157278877250686
2638,17.384305491477342
2639,17.4446311235197
2640,17.43477938109131
2641,17.45897676434944
2642,17.157278877250686
2643,17.37352029411625
2644,17.413270731990824
2645,17.362286648868103
2646,17.420417183593713
2647,17.476247792596634
2648,17.419546520236054
2649,17.21340261857289
2650,17.402132393267863
2651,17.416255437686015
2652,17.350932785088418
2653,17.449342095708754
2654,17.460211618636503
2655,17.46229572214775
2656,17.420417183593706
2657,17.284271080191008
2658,17.364307977801406
2659,17.362477644188417
2660,17.420417183593706
2661,17.33129363807484
2662,17.279755173197774
2663,17.31681698599518
2664,17.252755308073912
2665,17.370447024327753
2666,17.364672259714364
2667,17.237098497512505
2668,17.420417183593713
2669,17.43870512989219
2670,17.364672259714368
2671,17.364672259714364
2672,17.339048757598597
2673,17.3152359227532
2674,17.393811546093836
2675,17.370447024327753
2676,17.476247792596634
2677,17.483656017425805
2678,17.144278171177994
2679,17.12941072240735
2680,17.402132393267866
2681,17.416255437686004
2682,17.310160037678017
2683,17.402132393267863
2684,17.278537185886826
2685,17.382969314469385
2686,17.199938448758424
2687,17.464953927585448
2688,17.36247764418841
2689,17.32192557487452
2690,17.325753904397352
2691,17.402368506429127
2692,17.384305491477345
2693,17.36247764418842
2694,17.483656017425805
2695,17.237466498216207
2696,17.47624779259663
2697,17.370447024327753
2698,17.46495392758546
2699,17.263545045772073
2700,17.387276627179155
2701,17.33593702759919
2702,17.391002249959595
2703,17.458976764349437
2704,17.373208410117407
2705,17.29902534968415
2706,17.434779381091307
2707,17.370447024327756
2708,17.391002249959598
2709,17.351915247408833
2710,17.44767371948033
2711,17.344466332037392
2712,17.41954652023606
2713,17.297273031566267
2714,17.43477938109131
2715,17.37031221906201
2716,17.372647617621826
2717,17.331293638074836
2718,17.157278877250683
2719,17.460211618636496
2720,17.33586298841163
2721,17.275373828231924
2722,17.339048757598604
2723,17.15270538142869
2724,17.41327073199082
2725,17.442474560791165
2726,17.377576433322766
2727,17.402132393267863
2728,17.118586486654472
2729,17.227575600848038
2730,17.31016003767801
2731,17.34634565896666
2732,17.377576433322762
2733,17.483656017425805
2734,17.447673719480317
2735,17.4836560174258
2736,17.317346625912297
2737,17.462295722147747
2738,17.43470788435652
2739,17.34634565896665
2740,17.36247764418842
2741,17.402368506429134
2742,17.31556291746501
2743,17.43016181648498
2744,17.359321884711214
2745,17.38301409227825
2746,17.379510245873842
2747,17.47568052473447
2748,17.349866103313296
2749,17.377576433322766
2750,17.194519433490548
2751,17.483656017425808
2752,17.502968146468938
2753,17.39416445596741
2754,17.217731821518992
2755,17.328647345698407
2756,17.175985662998134
2757,17.399450145203268
2758,17.34778061656238
2759,17.431968553372904
2760,17.315235922753203
2761,17.364307977801403
2762,17.19281103118749
2763,17.383938517979676
2764,17.364672259714368
2765,17.499611207593308
2766,17.388606064573047
2767,17.412099286575273
2768,17.27359048382252
2769,17.402132393267863
2770,17.414815640989207
2771,17.310160037678006
2772,17.393811546093836
2773,17.34535805507765
2774,17.406307664237616
2775,17.31556291746501
2776,17.32864734569841
2777,17.4446311235197
2778,17.27853718588683
2779,17.335862988411627
2780,17.32864734569841
2781,17.407009286313386
2782,17.315562917465012
2783,17.32864734569841
2784,17.275328040480737
2785,17.483656017425805
2786,17.259404155524805
2787,17.370312219062015
2788,17.447673719480328
2789,17.315235922753203
2790,17.35932188471122
2791,17.394164455967413
2792,17.352543158555356
2793,17.348753990827042
2794,17.0708093612216
2795,17.335937027599186
2796,17.194943363110404
2797,17.232771186854386
2798,17.499611207593304
2799,17.434707884356513
2800,17.277039550429688
2801,17.415958947404196
2802,17.383014092278252
2803,17.315562917465012
2804,17.33593702759919
2805,17.37044702432775
2806,17.3797457305713
2807,17.38727662717916
2808,17.400774809197475
2809,17.372447577961836
2810,17.420417183593713
2811,17.298380763854237
2812,17.17415850943995
2813,17.31097698632886
2814,17.3548104712724
2815,17.383014092278245
2816,17.351915247408844
2817,17.32844278019587
2818,17.33586298841162
2819,17.370447024327753
2820,17.458976764349448
2821,17.431968553372904
2822,17.298176020690626
2823,17.335862988411623
2824,17.402132393267866
2825,17.2588423874701
2826,17.339048757598604
2827,17.22348217164063
2828,17.45376465621885
2829,17.35104651591831
2830,17.409339213254757
2831,17.361413504962524
2832,17.328612983666567
2833,17.430161816484972
2834,17.362286648868107
2835,17.278537185886833
2836,17.307997927471106
2837,17.365751103715
2838,17.412753763964346
2839,17.419546520236057
2840,17.364672259714368
2841,17.384305491477335
2842,17.409339213254764
2843,17.41580309271815
2844,17.43527914210224
2845,17.388606064573054
2846,17.349866103313293
2847,17.19783448769597
2848,17.315562917465012
2849,17.400409494639216
2850,17.383938517979676
2851,17.397293732503012
2852,17.38301409227824
2853,17.41595894740419
2854,17.475680524734475
2855,17.444631123519702
2856,17.394164455967402
2857,17.47568052473447
2858,17.46229572214775
2859,17.420417183593706
2860,17.449331338247767
2861,17.37044702432775
2862,17.393790995350802
2863,17.373520294116247
2864,17.298380763854237
2865,17.447809883042275
2866,17.359321884711218
2867,17.499611207593308
2868,17.39945014520327
2869,17.382969314469385
2870,17.3152359227532
2871,17.275373828231924
2872,17.141826589220756
2873,17.444631123519706
2874,17.38301409227824
2875,17.224265046040312
2876,17.4319685533729
2877,17.29533545179568
2878,17.475680524734468
2879,17.346345658966655
2880,17.42041718359371
2881,17.21803624738736
2882,17.33129363807484
2883,17.434779381091307
2884,17.384297565276846
2885,17.420417183593713
2886,17.4319685533729
2887,17.328612983666567
2888,17.462295722147747
2889,17.27537382823192
2890,17.362286648868114
2891,17.391002249959595
2892,17.264849282708646
2893,17.24655365506685
2894,17.38727662717915
2895,17.444631123519702
2896,17.47624779259663
2897,17.36247764418841
2898,17.419546520236054
2899,17.475680524734468
2900,17.409339213254764
2901,17.444631123519702
2902,17.377576433322762
2903,17.42041718359371
2904,17.38150389780968
2905,17.45376465621885
2906,17.278537185886826
2907,17.449342095708758
2908,17.434779381091307
2909,17.339048757598604
2910,17.237098497512505
2911,17.377576433322762
2912,17.458976764349437
2913,17.397293732503023
2914,17.475680524734475
2915,17.394164455967417
2916,17.3910022499596
2917,17.394164455967417
2918,17.373208410117403
2919,17.393811546093836
2920,17.364672259714364
2921,17.446920088807914
2922,17.331293638074847
2923,17.464953927585444
2924,17.483656017425805
2925,17.252131068135487
2926,17.41372257054102
2927,17.41372257054101
2928,17.26772469114743
2929,17.295335451795676
2930,17.494711486336527
2931,17.13035650412772
2932,17.370447024327753
2933,17.409339213254768
2934,17.47568052473447
2935,17.321925574874527
2936,17.342066501775943
2937,17.413270731990835
2938,17.359321884711214
2939,17.447673719480335
2940,17.50296814646894
2941,17.432363017820677
2942,17.391002249959595
2943,17.35093278508842
2944,17.394164455967413
2945,17.43477938109131
2946,17.460211618636496
2947,17.33129363807484
2948,17.33586298841163
2949,17.50296814646894
2950,17.25275530807391
2951,17.3910022499596
2952,17.427037572973617
2953,17.43477938109131
2954,17.334698834572233
2955,17.4446311235197
2956,17.384305491477345
2957,17.41580309271815
2958,17.38430549147734
2959,17.373520294116247
2960,17.458976764349444
2961,17.3643079778014
2962,17.24326643680358
2963,17.236393997845127
2964,17.28774244212799
2965,17.352760789392825
2966,17.460211618636503
2967,17.39002127694724
2968,17.4836560174258
2969,17.362477644188417
2970,17.342066501775943
2971,17.50296814646894
2972,17.462295722147747
2973,17.494711486336527
2974,17.295335451795673
2975,17.483656017425808
2976,17.391002249959598
2977,17.321404963543173
2978,17.27532804048073
2979,17.38430549147734
2980,17.462295722147744
2981,17.382969314469378
2982,17.38860606457305
2983,17.36915196887028
2984,17.39729373250302
2985,17.40040949463922
2986,17.37352029411625
2987,17.430161816484983
2988,17.412099286575277
2989,17.414815640989225
2990,17.46495392758545
2991,17.313133833043928
2992,17.37951024587384
2993,17.4836560174258
2994,17.4319685533729
2995,17.420447618646968
2996,17.350932785088414
2997,17.32861298366656
2998,17.331922109261136
2999,17.354810471272405
3000,17.38430549147733
3001,17.282954797918283
3002,17.502968146468938
3003,17.336126283108616
3004,17.399450145203264
3005,17.27532804048074
3006,17.34875399082705
3007,17.315235922753203
3008,17.431968553372897
3009,17.288111122748802
3010,17.483656017425808
3011,17.37320841011741
3012,17.400774809197472
3013,17.46229572214775
3014,17.502968146468938
3015,17.45897676434944
3016,17.24655365506685
3017,17.27853718588683
3018,17.419546520236064
3019,17.222271535451206
3020,17.352543158555356
3021,17.47624779259663
3022,17.38301409227825
3023,17.4602116186365
3024,17.28664220501522
3025,17.442474560791165
3026,17.317346625912297
3027,17.35420080541816
3028,17.242575697479047
3029,17.305770279577843
3030,17.34875399082704
3031,17.44934209570875
3032,17.3390487575986
3033,17.4602116186365
3034,17.434779381091307
3035,17.483656017425808
3036,17.427037572973614
3037,17.44780988304228
3038,17.462295722147754
3039,17.419546520236057
3040,17.331293638074847
3041,17.32861298366656
3042,17.256712442373388
3043,17.38150389780968
3044,17.475680524734475
3045,17.391002249959598
3046,17.372447577961836
3047,17.502968146468938
3048,17.391002249959598
3049,17.052203655523403
3050,17.373208410117407
3051,17.44934209570876
3052,17.447809883042286
3053,17.373520294116243
3054,17.399450145203268
3055,17.4836560174258
3056,17.335937027599186
3057,17.475680524734464
3058,17.31016003767801
3059,17.38301409227825
3060,17.365751103715006
3061,17.38296931446938
3062,17.213448024937914
3063,17.390021276947245
3064,17.43527914210223
3065,17.348753990827056
3066,17.431968553372897
3067,17.44780988304228
3068,17.41580309271815
3069,17.45897676434944
3070,17.365751103715002
3071,17.280302367776454
3072,17.45897676434944
3073,17.35420080541816
3074,17.311514163358776
3075,17.431968553372897
3076,17.3643079778014
3077,17.331293638074843
3078,17.310160037678013
3079,17.438705129892185
3080,17.458976764349437
3081,17.4996112075933
3082,17.447809883042275
3083,17.36235128206123
3084,17.415803092718146
3085,17.252755308073912
3086,17.434779381091307
3087,17.416255437686004
3088,17.351046515918302
3089,17.40933921325476
3090,17.273510883286523
3091,17.388606064573057
3092,17.430161816484983
3093,17.394164455967406
3094,17.402132393267863
3095,17.44692008880791
3096,17.391002249959598
3097,17.402132393267863
3098,17.381503897809683
3099,17.402132393267866
3100,17.37044702432775
3101,17.4836560174258
3102,17.2588423874701
3103,17.409339213254764
3104,17.400774809197472
3105,17.391002249959598
3106,17.36228664886811
3107,17.383938517979676
3108,17.464953927585448
3109,17.444631123519702
3110,17.434707884356513
3111,17.362286648868107
3112,17.384305491477342
3113,17.350932785088414
3114,17.420417183593713
3115,17.370312219062008
3116,17.431968553372904
3117,17.47555045027258
3118,17.462295722147747
3119,17.499611207593304
3120,17.462295722147747
3121,17.372647617621823
3122,17.444631123519702
3123,17.370447024327746
3124,17.462295722147747
3125,17.339048757598604
3126,17.387276627179155
3127,17.370447024327753
3128,17.458976764349444
3129,17.47624779259663
3130,17.399450145203268
3131,17.388606064573047
3132,17.34778061656237
3133,17.499611207593304
3134,17.37757643332276
3135,17.252131068135494
3136,17.274016481111264
3137,17.370447024327746
3138,17.434707884356513
3139,17.32864734569841
3140,17.475680524734468
3141,17.37044702432775
3142,17.382969314469385
3143,17.4836560174258
3144,17.40933921325476
3145,17.409339213254764
3146,17.462295722147747
3147,17.30535189131048
3148,17.315562917465012
3149,17.46229572214775
3150,17.37352029411625
3151,17.499611207593304
3152,17.289711939942187
3153,17.434707884356513
3154,17.278537185886822
3155,17.41954652023605
3156,17.458976764349444
3157,17.475680524734468
3158,17.370312219062008
3159,17.40236850642913
3160,17.32583734460527
3161,17.21926036298454
3162,17.388606064573054
3163,17.295335451795676
3164,17.34206650177594
3165,17.447809883042275
3166,17.344999893917105
3167,17.351046515918306
3168,17.257230267327564
3169,17.273510883286516
3170,17.345358055077654
3171,17.345358055077657
3172,17.274016481111268
3173,17.43870512989218
3174,17.420417183593713
3175,17.40077480919748
3176,17.381503897809676
3177,17.352543158555356
3178,17.393811546093843
3179,17.475680524734468
3180,17.38860606457305
3181,17.458976764349444
3182,17.47568052473447
3183,17.391002249959595
3184,17.447809883042282
3185,17.390478927024468
3186,17.344466332037392
3187,17.37044702432775
3188,17.38430549147734
3189,17.458976764349444
3190,17.434707884356513
3191,17.278537185886822
3192,17.460211618636496
3193,17.444631123519702
3194,17.462295722147744
3195,17.419546520236054
3196,17.35276078939283
3197,17.462295722147744
3198,17.502968146468934
3199,17.44780988304228
3200,17.438705129892178
3201,17.295335451795676
3202,17.38301409227824
3203,17.362477644188413
3204,17.351046515918302
3205,17.41954652023606
3206,17.31016003767801
3207,17.364672259714364
3208,17.38727662717915
3209,17.420417183593713
3210,17.43870512989218
3211,17.274016481111268
3212,17.411308573988894
3213,17.400774809197472
3214,17.37044702432775
3215,17.446920088807914
3216,17.246553655066837
3217,17.38727662717915
3218,17.364307977801396
3219,17.399450145203268
3220,17.391002249959598
3221,17.33586298841163
3222,17.391002249959598
3223,17.37044702432775
3224,17.34634565896666
3225,17.402368506429127
3226,17.370447024327753
3227,17.370447024327753
3228,17.4836560174258
3229,17.44933133824777
3230,17.15157817078477
3231,17.384305491477335
3232,17.402132393267866
3233,17.195643780394054
3234,17.431968553372904
3235,17.37757643332276
3236,17.34778061656237
3237,17.47624779259663
3238,17.317152956141285
3239,17.41275376396435
3240,17.444631123519702
3241,17.449342095708744
3242,17.434779381091307
3243,17.39945014520326
3244,17.46229572214775
3245,17.328442780195875
3246,17.462295722147747
3247,17.409339213254764
3248,17.275328040480733
3249,17.397293732503027
3250,17.37031221906201
3251,17.4996112075933
3252,17.499611207593308
3253,17.32513033307928
3254,17.362477644188417
3255,17.325753904397356
3256,17.447809883042286
3257,17.373520294116247
3258,17.47568052473447
3259,17.299025349684143
3260,17.4446311235197
3261,17.321925574874527
3262,17.364307977801403
3263,17.462295722147747
3264,17.476247792596634
3265,17.412099286575284
3266,17.502968146468938
3267,17.458976764349448
3268,17.382969314469392
3269,17.400409494639224
3270,17.462295722147744
3271,17.4996112075933
3272,17.40933921325476
3273,17.364307977801403
3274,17.44767371948032
3275,17.34499989391711
3276,17.499611207593304
3277,17.476247792596627
3278,17.44247456079116
3279,17.415803092718146
3280,17.499611207593304
3281,17.43016181648498
3282,17.273590483822524
3283,17.42041718359371
3284,17.499611207593304
3285,17.370447024327753
3286,17.342066501775946
3287,17.37757643332276
3288,17.460211618636496
3289,17.30535189131047
3290,17.351046515918306
3291,17.387276627179155
3292,17.434707884356513
3293,17.3173466259123
3294,17.36467225971437
3295,17.434707884356516
3296,17.39100224995959
3297,17.34875399082704
3298,17.331293638074843
3299,17.431968553372904
3300,17.381503897809672
3301,17.34206650177594
3302,17.447673719480324
3303,17.464953927585448
3304,17.364672259714364
3305,17.393811546093847
3306,17.34634565896665
3307,17.41625543768601
3308,17.37951024587384
3309,17.438705129892185
3310,17.348753990827046
3311,17.219551427654608
3312,17.499611207593304
3313,17.494711486336527
3314,17.362477644188417
3315,17.317152956141292
3316,17.382969314469392
3317,17.41954652023606
3318,17.41595894740419
3319,17.442474560791158
3320,17.32844278019587
3321,17.3390487575986
3322,17.44767371948032
3323,17.447673719480328
3324,17.31715295614129
3325,17.45897676434944
3326,17.38860606457306
3327,17.36247764418842
3328,17.4602116186365
3329,17.458976764349448
3330,17.45897676434945
3331,17.420417183593713
3332,17.391002249959598
3333,17.342066501775943
3334,17.499611207593308
3335,17.29902534968415
3336,17.379510245873842
3337,17.278683813424543
3338,17.46229572214775
3339,17.378470342440522
3340,17.372647617621823
3341,17.343690973193176
3342,17.41595894740419
3343,17.447809883042282
3344,17.432363017820688
3345,17.413270731990824
3346,17.178585473728095
3347,17.3643079778014
3348,17.409339213254764
3349,17.259041909914224
3350,17.431968553372904
3351,17.464953927585448
3352,17.499611207593304
3353,17.25940415552481
3354,17.38296931446938
3355,17.44247456079116
3356,17.499611207593308
3357,17.420417183593713
3358,17.449342095708754
3359,17.499611207593308
3360,17.409254471706895
3361,17.391002249959598
3362,17.377576433322766
3363,17.267724691147432
3364,17.458976764349444
3365,17.460211618636492
3366,17.3643079778014
3367,17.39729373250302
3368,17.476247792596634
3369,17.431968553372908
3370,17.447809883042282
3371,17.475680524734475
3372,17.434707884356513
3373,17.499611207593308
3374,17.434707884356513
3375,17.413270731990824
3376,17.444631123519702
3377,17.427037572973617
3378,17.447809883042282
3379,17.44692008880791
3380,17.41625543768601
3381,17.25904190991422
3382,17.499611207593308
3383,17.476247792596634
3384,17.328612983666574
3385,17.499611207593308
3386,17.370447024327756
3387,17.397293732503027
3388,17.370447024327746
3389,17.499611207593308
3390,17.434707884356513
3391,17.434707884356513
3392,17.415958947404192
3393,17.4319685533729
3394,17.447809883042282
3395,17.37320841011741
3396,17.444631123519706
3397,17.44767371948032
3398,17.409254471706898
3399,17.391002249959595
3400,17.400774809197483
3401,17.419546520236057
3402,17.38192134813059
3403,17.419546520236054
3404,17.37044702432775
3405,17.32088495437824
3406,17.447809883042275
3407,17.431968553372904
3408,17.476247792596634
3409,17.259404155524802
3410,17.34206650177595
3411,17.335937027599183
3412,17.41625543768601
3413,17.4996112075933
3414,17.499611207593297
3415,17.47624779259663
3416,17.369151968870273
3417,17.37320841011741
3418,17.41372257054102
3419,17.4996112075933
3420,17.409339213254768
3421,17.3173466259123
3422,17.342066501775946
3423,17.444631123519706
3424,17.335937027599183
3425,17.499611207593304
3426,17.364307977801406
3427,17.41625543768601
3428,17.460211618636492
3429,17.46229572214775
3430,17.29533545179568
3431,17.32861298366656
3432,17.382969314469378
3433,17.446920088807907
3434,17.4319685533729
3435,17.267724691147425
3436,17.4602116186365
3437,17.40040949463922
3438,17.259404155524805
3439,17.26772469114743
3440,17.419546520236054
3441,17.307629394024968
3442,17.38860606457305
3443,17.382969314469385
3444,17.50296814646894
3445,17.40213239326786
3446,17.335937027599186
3447,17.447673719480328
3448,17.30577027957784
3449,17.47568052473447
3450,17.276788226801305
3451,17.420417183593713
3452,17.40213239326786
3453,17.34499989391711
3454,17.47568052473447
3455,17.37757643332276
3456,17.40213239326786
3457,17.381921348130586
3458,17.391002249959595
3459,17.391002249959598
3460,17.384297565276842
3461,17.35093278508841
3462,17.278537185886815
3463,17.46229572214775
3464,17.364672259714368
3465,17.44780988304228
3466,17.41954652023606
3467,17.4836560174258
3468,17.415803092718154
3469,17.409339213254757
3470,17.46021161863649
3471,17.407009286313386
3472,17.458976764349444
3473,17.370447024327753
3474,17.377576433322762
3475,17.499611207593308
3476,17.420417183593706
3477,17.46229572214775
3478,17.44463112351971
3479,17.499611207593308
3480,17.413270731990824
3481,17.458976764349437
3482,17.3562613912896
3483,17.3449998939171
3484,17.307629394024968
3485,17.44247456079116
3486,17.420417183593713
3487,17.310160037678013
3488,17.499611207593308
3489,17.447673719480328
3490,17.344999893917105
3491,17.431968553372908
3492,17.373520294116243
3493,17.372647617621826
3494,17.40933921325476
3495,17.289711939942187
3496,17.47568052473447
3497,17.388606064573057
3498,17.434707884356513
3499,17.460211618636496
3500,17.50296814646894
3501,17.391002249959595
3502,17.32575390439736
3503,17.364672259714368
3504,17.381503897809683
3505,17.43477938109131
3506,17.40236850642913
3507,17.447809883042282
3508,17.415803092718154
3509,17.460211618636496
3510,17.400774809197475
3511,17.462295722147747
3512,17.36466659326264
3513,17.31151416335878
3514,17.499611207593308
3515,17.416255437686004
3516,17.42041718359371
3517,17.393811546093833
3518,17.499611207593304
3519,17.347780616562368
3520,17.47568052473447
3521,17.364307977801406
3522,17.38296931446939
3523,17.44934209570876
3524,17.44934209570876
3525,17.38860606457306
3526,17.33129363807485
3527,17.41954652023606
3528,17.347780616562368
3529,17.381921348130586
3530,17.46229572214775
3531,17.325993939022133
3532,17.449342095708754
3533,17.431968553372908
3534,17.420417183593713
3535,17.458976764349448
3536,17.378470342440536
3537,17.499611207593308
3538,17.3390487575986
3539,17.499611207593308
3540,17.40933921325476
3541,17.447809883042282
3542,17.370447024327753
3543,17.46229572214775
3544,17.44767371948032
3545,17.464953927585448
3546,17.444631123519706
3547,17.33612628310862
3548,17.444631123519702
3549,17.447809883042286
3550,17.400409494639224
3551,17.47568052473447
3552,17.310160037678013
3553,17.445970060785825
3554,17.45897676434944
3555,17.373208410117403
3556,17.464953927585444
3557,17.390021276947234
3558,17.310160037678013
3559,17.45376465621885
3560,17.4446311235197
3561,17.475680524734475
3562,17.44247456079116
3563,17.420417183593703
3564,17.38192134813059
3565,17.44767371948032
3566,17.399450145203264
3567,17.434707884356516
3568,17.402132393267863
3569,17.47568052473447
3570,17.427037572973614
3571,17.37044702432775
3572,17.402368506429134
3573,17.3643079778014
3574,17.411308573988894
3575,17.364307977801403
3576,17.475680524734464
3577,17.449331338247767
3578,17.43016181648498
3579,17.475680524734464
3580,17.354200805418163
3581,17.293946948233717
3582,17.499611207593297
3583,17.464953927585448
3584,17.483656017425808
3585,17.475680524734468
3586,17.402132393267863
3587,17.458976764349444
3588,17.449342095708758
3589,17.446920088807918
3590,17.362477644188417
3591,17.434707884356513
3592,17.40040949463922
3593,17.354200805418152
3594,17.475680524734475
3595,17.420447618646975
3596,17.475680524734475
3597,17.370447024327753
3598,17.409339213254768
3599,17.434707884356516
3600,17.388606064573054
3601,17.447809883042275
3602,17.447809883042282
3603,17.458976764349444
3604,17.502968146468938
3605,17.420417183593713
3606,17.44463112351971
3607,17.50296814646894
3608,17.499611207593304
3609,17.419546520236057
3610,17.370447024327753
3611,17.475680524734468
3612,17.391002249959598
3613,17.47568052473447
3614,17.373520294116243
3615,17.383938517979683
3616,17.317794414567715
3617,17.409339213254775
3618,17.317152956141282
3619,17.40933921325476
3620,17.499611207593304
3621,17.458976764349444
3622,17.431968553372897
3623,17.458976764349444
3624,17.47568052473447
3625,17.499611207593304
3626,17.364307977801403
3627,17.387276627179155
3628,17.47568052473447
3629,17.406307664237612
3630,17.416255437686
3631,17.390021276947248
3632,17.365751103715002
3633,17.44934209570875
3634,17.476247792596634
3635,17.447673719480328
3636,17.475680524734468
3637,17.499611207593308
3638,17.460211618636492
3639,17.46229572214775
3640,17.41625543768601
3641,17.41595894740418
3642,17.409254471706898
3643,17.346345658966655
3644,17.38192134813059
3645,17.4996112075933
3646,17.447673719480328
3647,17.2588423874701
3648,17.28030236777646
3649,17.430161816484983
3650,17.431968553372904
3651,17.383014092278234
3652,17.499611207593308
3653,17.458976764349437
3654,17.397293732503016
3655,17.499611207593297
3656,17.364307977801403
3657,17.446920088807914
3658,17.400409494639213
3659,17.412099286575273
3660,17.419546520236057
3661,17.415958947404185
3662,17.46229572214775
3663,17.370447024327756
3664,17.44247456079116
3665,17.483656017425808
3666,17.47624779259663
3667,17.4204171835937
3668,17.328647345698403
3669,17.412099286575273
3670,17.4996112075933
3671,17.41595894740419
3672,17.44463112351971
3673,17.45897676434944
3674,17.35276078939283
3675,17.224265046040305
3676,17.442474560791158
3677,17.339048757598604
3678,17.47624779259663
3679,17.3449998939171
3680,17.45376465621885
3681,17.409254471706895
3682,17.43470788435651
3683,17.310976986328857
3684,17.383938517979676
3685,17.40236850642913
3686,17.444631123519702
3687,17.32864734569841
3688,17.416255437686004
3689,17.419546520236054
3690,17.415803092718146
3691,17.381503897809672
3692,17.4836560174258
3693,17.40933921325476
3694,17.499611207593304
3695,17.36247764418841
3696,17.37044702432775
3697,17.444631123519702
3698,17.37757643332276
3699,17.402132393267866
3700,17.4319685533729
3701,17.47624779259663
3702,17.31016003767801
3703,17.475680524734464
3704,17.475680524734468
3705,17.373520294116247
3706,17.38430549147734
3707,17.4836560174258
3708,17.362477644188413
3709,17.42041718359371
3710,17.349866103313293
3711,17.50296814646894
3712,17.317346625912297
3713,17.458976764349444
3714,17.302574965380902
3715,17.409339213254757
3716,17.44780988304228
3717,17.462295722147747
3718,17.354200805418156
3719,17.460211618636496
3720,17.383014092278234
3721,17.370447024327753
3722,17.43016181648498
3723,17.4996112075933
3724,17.449331338247763
3725,17.24251451553509
3726,17.299025349684143
3727,17.446920088807914
3728,17.379745730571294
3729,17.47624779259663
3730,17.4996112075933
3731,17.430161816484983
3732,17.4996112075933
3733,17.46021161863649
3734,17.335862988411627
3735,17.46229572214775
3736,17.458976764349448
3737,17.45897676434944
3738,17.47568052473447
3739,17.475680524734475
3740,17.502968146468938
3741,17.397293732503027
3742,17.4996112075933
3743,17.447809883042282
3744,17.17786423456788
3745,17.47568052473447
3746,17.3910022499596
3747,17.420447618646975
3748,17.47624779259663
3749,17.499611207593308
3750,17.483656017425808
3751,17.475680524734475
3752,17.419546520236057
3753,17.39945014520326
3754,17.446920088807918
3755,17.476247792596634
3756,17.383938517979672
3757,17.328647345698407
3758,17.45376465621885
3759,17.460211618636496
3760,17.38727662717915
3761,17.397293732503016
3762,17.33586298841162
3763,17.460211618636492
3764,17.460211618636503
3765,17.412099286575273
3766,17.460211618636492
3767,17.364307977801403
3768,17.434707884356513
3769,17.381921348130586
3770,17.42703757297361
3771,17.460211618636503
3772,17.335937027599183
3773,17.460211618636492
3774,17.476247792596634
3775,17.446920088807914
3776,17.47568052473447
3777,17.447673719480328
3778,17.447673719480328
3779,17.46495392758545
3780,17.458976764349437
3781,17.411308573988908
3782,17.46495392758546
3783,17.419546520236064
3784,17.464953927585448
3785,17.44780988304228
3786,17.476247792596634
3787,17.49471148633653
3788,17.409339213254768
3789,17.38296931446939
3790,17.372447577961832
3791,17.43016181648498
3792,17.434707884356516
3793,17.346345658966662
3794,17.365751103715002
3795,17.397293732503023
3796,17.50296814646894
3797,17.383938517979676
3798,17.370447024327753
3799,17.494711486336534
3800,17.502968146468938
3801,17.49471148633653
3802,17.44780988304228
3803,17.41327073199082
3804,17.46229572214775
3805,17.44597006078583
3806,17.499611207593308
3807,17.434707884356513
3808,17.35093278508842
3809,17.499611207593308
3810,17.32088495437824
3811,17.43236301782069
3812,17.447673719480328
3813,17.460211618636496
3814,17.476247792596634
3815,17.499611207593308
3816,17.476247792596634
3817,17.435279142102246
3818,17.31715295614129
3819,17.145267296185736
3820,17.447809883042275
3821,17.446920088807914
3822,17.306185730378633
3823,17.4996112075933
3824,17.362351282061226
3825,17.40040949463922
3826,17.447673719480317
3827,17.326321610422312
3828,17.406307664237616
3829,17.33129363807484
3830,17.44247456079116
3831,17.475680524734468
3832,17.3562613912896
3833,17.419546520236057
3834,17.476247792596634
3835,17.499611207593308
3836,17.393811546093836
3837,17.447809883042282
3838,17.419546520236057
3839,17.431968553372904
3840,17.447673719480317
3841,17.499611207593308
3842,17.36430797780141
3843,17.402132393267863
3844,17.276788226801305
3845,17.4446311235197
3846,17.38150389780968
3847,17.43470788435652
3848,17.342066501775946
3849,17.388606064573057
3850,17.413270731990824
3851,17.447673719480328
3852,17.430161816484986
3853,17.502968146468938
3854,17.32632161042231
3855,17.4602116186365
3856,17.476247792596634
3857,17.447673719480328
3858,17.402132393267863
3859,17.476247792596634
3860,17.460211618636503
3861,17.432363017820688
3862,17.442474560791172
3863,17.35932188471122
3864,17.315235922753207
3865,17.400409494639224
3866,17.32864734569841
3867,17.4319685533729
3868,17.464953927585444
3869,17.460211618636492
3870,17.476247792596634
3871,17.502968146468945
3872,17.47624779259663
3873,17.39002127694724
3874,17.494711486336524
3875,17.419546520236057
3876,17.415958947404185
3877,17.449342095708754
3878,17.416255437686004
3879,17.476247792596634
3880,17.475680524734475
3881,17.447673719480328
3882,17.41595894740418
3883,17.447809883042282
3884,17.499611207593308
3885,17.499611207593304
3886,17.3643079778014
3887,17.345358055077657
3888,17.43016181648499
3889,17.34499989391711
3890,17.46021161863649
3891,17.476247792596634
3892,17.383014092278252
3893,17.43527914210224
3894,17.345358055077654
3895,17.460211618636492
3896,17.44780988304228
3897,17.415958947404185
3898,17.476247792596638
3899,17.416255437686008
3900,17.49471148633653
3901,17.47624779259663
3902,17.39381154609384
3903,17.50296814646894
3904,17.39945014520326
3905,17.419546520236054
3906,17.379510245873846
3907,17.460211618636503
3908,17.41595894740419
3909,17.348753990827046
3910,17.43470788435651
3911,17.45376465621885
3912,17.4836560174258
3913,17.275328040480733
3914,17.462295722147747
3915,17.364672259714368
3916,17.462295722147744
3917,17.415803092718154
3918,17.391002249959598
3919,17.483656017425798
3920,17.28860833595389
3921,17.378470342440526
3922,17.362351282061226
3923,17.499611207593308
3924,17.413270731990828
3925,17.406307664237616
3926,17.325837344605272
3927,17.464953927585448
3928,17.328647345698407
3929,17.36467225971437
3930,17.434779381091307
3931,17.458976764349444
3932,17.44933133824776
3933,17.415958947404185
3934,17.373208410117403
3935,17.35932188471121
3936,17.446920088807907
3937,17.317346625912293
3938,17.365538827925473
3939,17.462295722147744
3940,17.407009286313386
3941,17.40077480919747
3942,17.347780616562375
3943,17.483656017425808
3944,17.362477644188417
3945,17.41327073199082
3946,17.483656017425808
3947,17.381921348130582
3948,17.43470788435651
3949,17.420417183593703
3950,17.33976110275705
3951,17.475680524734468
3952,17.413270731990824
3953,17.46229572214775
3954,17.458976764349437
3955,17.476247792596638
3956,17.382969314469378
3957,17.41954652023606
3958,17.34535805507765
3959,17.400774809197472
3960,17.475680524734468
3961,17.4996112075933
3962,17.460211618636496
3963,17.50296814646894
3964,17.383938517979672
3965,17.458976764349444
3966,17.499611207593297
3967,17.3449998939171
3968,17.499611207593297
3969,17.39100224995959
3970,17.41595894740418
3971,17.4996112075933
3972,17.458976764349437
3973,17.460211618636492
3974,17.47624779259663
3975,17.462295722147747
3976,17.393811546093836
3977,17.415803092718146
3978,17.4836560174258
3979,17.400774809197472
3980,17.339048757598604
3981,17.483656017425805
3982,17.38727662717916
3983,17.499611207593304
3984,17.34778061656237
3985,17.373520294116247
3986,17.409339213254757
3987,17.475680524734464
3988,17.499611207593297
3989,17.499611207593304
3990,17.45376465621885
3991,17.475680524734468
3992,17.32864734569841
3993,17.499611207593308
3994,17.362477644188413
3995,17.41954652023606
3996,17.447809883042282
3997,17.449342095708758
3998,17.447809883042282
3999,17.447809883042286
4000,17.475680524734468
4001,17.36247764418841
4002,17.44780988304228
4003,17.275328040480733
4004,17.350932785088414
4005,17.399450145203268
4006,17.434707884356516
4007,17.400774809197483
4008,17.394164455967417
4009,17.413270731990828
4010,17.47624779259663
4011,17.447673719480328
4012,17.502968146468938
4013,17.416255437686008
4014,17.447673719480328
4015,17.46229572214775
4016,17.475680524734468
4017,17.4319685533729
4018,17.44247456079116
4019,17.37031221906201
4020,17.364672259714368
4021,17.44780988304228
4022,17.499611207593308
4023,17.28497585662073
4024,17.499611207593308
4025,17.34178113713199
4026,17.41209928657528
4027,17.409254471706898
4028,17.372447577961836
4029,17.416255437686004
4030,17.458976764349444
4031,17.390021276947238
4032,17.402132393267863
4033,17.447673719480324
4034,17.4996112075933
4035,17.476247792596634
4036,17.502968146468934
4037,17.44780988304227
4038,17.43477938109131
4039,17.45897676434944
4040,17.359321884711214
4041,17.391002249959598
4042,17.434707884356513
4043,17.4836560174258
4044,17.391002249959598
4045,17.384297565276846
4046,17.406307664237612
4047,17.460211618636496
4048,17.336126283108616
4049,17.43470788435651
4050,17.438705129892185
4051,17.415803092718146
4052,17.42041718359371
4053,17.41580309271815
4054,17.460211618636492
4055,17.42041718359371
4056,17.373520294116243
4057,17.37320841011741
4058,17.362477644188417
4059,17.364672259714364
4060,17.4319685533729
4061,17.384305491477335
4062,17.44463112351971
4063,17.446920088807914
4064,17.4996112075933
4065,17.409339213254764
4066,17.43470788435652
4067,17.462295722147744
4068,17.373520294116243
4069,17.45376465621885
4070,17.43477938109131
4071,17.391002249959598
4072,17.4836560174258
4073,17.415803092718146
4074,17.47555045027258
4075,17.40933921325476
4076,17.384305491477342
4077,17.499611207593308
4078,17.413270731990828
4079,17.47624779259663
4080,17.499611207593297
4081,17.475680524734468
4082,17.350932785088414
4083,17.460211618636496
4084,17.499611207593308
4085,17.446920088807914
4086,17.47568052473447
4087,17.447809883042282
4088,17.458976764349448
4089,17.46229572214775
4090,17.316816985995185
4091,17.44780988304228
4092,17.318123662321582
4093,17.46021161863649
4094,17.446920088807907
4095,17.400774809197472
4096,17.416255437686008
4097,17.499611207593308
4098,17.430161816484972
4099,17.44767371948032
4100,17.420417183593703
4101,17.460211618636496
4102,17.499611207593308
4103,17.4996112075933
4104,17.462295722147744
4105,17.370447024327746
4106,17.446920088807907
4107,17.34778061656238
4108,17.47624779259663
4109,17.310160037678013
4110,17.44780988304228
4111,17.298758092972257
4112,17.47624779259663
4113,17.431968553372904
4114,17.458976764349448
4115,17.419546520236057
4116,17.483656017425808
4117,17.347780616562368
4118,17.347780616562375
4119,17.434707884356513
4120,17.274016481111268
4121,17.447809883042286
4122,17.394164455967413
4123,17.44780988304228
4124,17.38727662717915
4125,17.378470342440522
4126,17.34778061656237
4127,17.402132393267863
4128,17.40213239326786
4129,17.46229572214775
4130,17.387276627179155
4131,17.458976764349444
4132,17.46229572214775
4133,17.483656017425808
4134,17.434707884356513
4135,17.460211618636492
4136,17.499611207593308
4137,17.499611207593308
4138,17.431968553372904
4139,17.499611207593308
4140,17.447809883042282
4141,17.446920088807907
4142,17.499611207593308
4143,17.483656017425808
4144,17.447809883042286
4145,17.499611207593297
4146,17.50296814646894
4147,17.475680524734475
4148,17.434707884356516
4149,17.47624779259663
4150,17.420417183593713
4151,17.407009286313386
4152,17.35254315855536
4153,17.37320841011741
4154,17.370447024327753
4155,17.298380763854233
4156,17.37320841011741
4157,17.415803092718154
4158,17.384305491477342
4159,17.45376465621885
4160,17.420417183593717
4161,17.383938517979686
4162,17.46495392758546
4163,17.38727662717915
4164,17.4602116186365
4165,17.47568052473447
4166,17.354200805418163
4167,17.476247792596634
4168,17.50296814646894
4169,17.460211618636492
4170,17.499611207593308
4171,17.362286648868107
4172,17.447809883042286
4173,17.449342095708758
4174,17.430161816484976
4175,17.382969314469385
4176,17.499611207593308
4177,17.46495392758544
4178,17.396744200860258
4179,17.438705129892174
4180,17.420417183593703
4181,17.476247792596634
4182,17.462295722147744
4183,17.45897676434944
4184,17.25723026732757
4185,17.447673719480317
4186,17.499611207593297
4187,17.444631123519706
4188,17.402132393267863
4189,17.475680524734475
4190,17.39729373250303
4191,17.40933921325477
4192,17.458976764349437
4193,17.464953927585448
4194,17.499611207593308
4195,17.320350643952967
4196,17.400774809197483
4197,17.460211618636492
4198,17.44247456079116
4199,17.499611207593297
4200,17.45897676434944
4201,17.32599393902213
4202,17.499611207593308
4203,17.41327073199082
4204,17.430161816484983
4205,17.476247792596634
4206,17.476247792596634
4207,17.460211618636496
4208,17.476247792596634
4209,17.502968146468945
4210,17.44934209570875
4211,17.476247792596634
4212,17.34369097319318
4213,17.499611207593308
4214,17.50296814646894
4215,17.41954652023606
4216,17.483656017425808
4217,17.321084103316274
4218,17.499611207593308
4219,17.378470342440526
4220,17.47568052473447
4221,17.390021276947245
4222,17.475680524734468
4223,17.47624779259663
4224,17.40040949463922
4225,17.476247792596634
4226,17.460211618636496
4227,17.419546520236057
4228,17.447673719480328
4229,17.475680524734468
4230,17.293946948233717
4231,17.4996112075933
4232,17.47624779259663
4233,17.434707884356516
4234,17.339761102757056
4235,17.27868381342454
4236,17.39381154609384
4237,17.458976764349437
4238,17.499611207593308
4239,17.27537382823192
4240,17.44767371948032
4241,17.4996112075933
4242,17.499611207593308
4243,17.413270731990824
4244,17.288608335953885
4245,17.40933921325477
4246,17.43236301782068
4247,17.447809883042275
4248,17.362477644188406
4249,17.446920088807914
4250,17.288608335953885
4251,17.44780988304228
4252,17.420417183593717
4253,17.499611207593308
4254,17.476247792596634
4255,17.499611207593308
4256,17.499611207593308
4257,17.499611207593308
4258,17.499611207593308
4259,17.47568052473447
4260,17.46021161863649
4261,17.46229572214775
4262,17.382969314469392
4263,17.391002249959598
4264,17.499611207593304
4265,17.39945014520327
4266,17.409339213254764
4267,17.499611207593308
4268,17.413270731990824
4269,17.383014092278245
4270,17.499611207593308
4271,17.499611207593308
4272,17.430161816484983
4273,17.362477644188413
4274,17.43016181648498
4275,17.38301409227825
4276,17.499611207593308
4277,17.44780988304227
4278,17.335862988411616
4279,17.475680524734468
4280,17.402132393267863
4281,17.349866103313293
4282,17.409339213254764
4283,17.44692008880791
4284,17.4996112075933
4285,17.32864734569841
4286,17.499611207593297
4287,17.382969314469385
4288,17.36247764418841
4289,17.4996112075933
4290,17.413270731990824
4291,17.335862988411627
4292,17.44247456079116
4293,17.4996112075933
4294,17.475680524734464
4295,17.419546520236054
4296,17.41327073199082
4297,17.458976764349437
4298,17.446920088807914
4299,17.499611207593308
4300,17.4996112075933
4301,17.328612983666563
4302,17.37044702432775
4303,17.40236850642913
4304,17.431968553372904
4305,17.499611207593297
4306,17.444631123519702
4307,17.402132393267866
4308,17.476247792596627
4309,17.39100224995959
4310,17.358382904833487
4311,17.447809883042282
4312,17.475680524734464
4313,17.4996112075933
4314,17.47624779259663
4315,17.47568052473447
4316,17.44934209570875
4317,17.499611207593297
4318,17.446920088807914
4319,17.44692008880791
4320,17.499611207593308
4321,17.38301409227824
4322,17.499611207593297
4323,17.475680524734475
4324,17.499611207593308
4325,17.434707884356516
4326,17.458976764349437
4327,17.434707884356513
4328,17.447809883042275
4329,17.409339213254775
4330,17.483656017425808
4331,17.419546520236057
4332,17.458976764349448
4333,17.41954652023605
4334,17.502968146468938
4335,17.402132393267863
4336,17.499611207593308
4337,17.46229572214775
4338,17.499611207593304
4339,17.256712442373384
4340,17.460211618636496
4341,17.499611207593308
4342,17.391002249959598
4343,17.4319685533729
4344,17.4446311235197
4345,17.444631123519702
4346,17.402132393267866
4347,17.46229572214775
4348,17.47568052473447
4349,17.434707884356516
4350,17.462295722147747
4351,17.447809883042286
4352,17.43870512989218
4353,17.46229572214775
4354,17.43870512989219
4355,17.444631123519702
4356,17.499611207593308
4357,17.502968146468934
4358,17.40933921325476
4359,17.446920088807907
4360,17.458976764349444
4361,17.434707884356513
4362,17.434707884356516
4363,17.412099286575277
4364,17.458976764349444
4365,17.444631123519702
4366,17.419546520236064
4367,17.345358055077657
4368,17.420417183593703
4369,17.447673719480328
4370,17.411308573988897
4371,17.499611207593308
4372,17.483656017425808
4373,17.449331338247763
4374,17.4602116186365
4375,17.44780988304227
4376,17.464953927585448
4377,17.483656017425798
4378,17.483656017425808
4379,17.39826253486894
4380,17.475680524734468
4381,17.4996112075933
4382,17.499611207593308
4383,17.40933921325476
4384,17.499611207593308
4385,17.499611207593297
4386,17.350932785088414
4387,17.499611207593297
4388,17.4996112075933
4389,17.446920088807907
4390,17.499611207593304
4391,17.402132393267863
4392,17.432363017820684
4393,17.42041718359371
4394,17.39416445596741
4395,17.483656017425798
4396,17.444631123519706
4397,17.45376465621885
4398,17.499611207593297
4399,17.415803092718154
4400,17.447809883042282
4401,17.370447024327746
4402,17.499611207593308
4403,17.499611207593308
4404,17.458976764349444
4405,17.415958947404185
4406,17.43870512989218
4407,17.50296814646894
4408,17.41954652023605
4409,17.256712442373384
4410,17.475680524734468
4411,17.44780988304228
4412,17.444631123519702
4413,17.47624779259663
4414,17.462295722147744
4415,17.400774809197475
4416,17.499611207593308
4417,17.431968553372904
4418,17.499611207593308
4419,17.434707884356513
4420,17.427037572973614
4421,17.413270731990828
4422,17.476247792596634
4423,17.446920088807914
4424,17.476247792596634
4425,17.447673719480328
4426,17.43236301782068
4427,17.476247792596634
4428,17.464953927585448
4429,17.350932785088414
4430,17.364307977801396
4431,17.50296814646894
4432,17.464953927585448
4433,17.494711486336524
4434,17.362286648868103
4435,17.37264761762182
4436,17.39674420086026
4437,17.351915247408837
4438,17.4836560174258
4439,17.46229572214774
4440,17.41580309271815
4441,17.447809883042275
4442,17.420417183593706
4443,17.321925574874523
4444,17.391002249959598
4445,17.342066501775943
4446,17.4836560174258
4447,17.483656017425798
4448,17.352543158555356
4449,17.419546520236057
4450,17.45376465621885
4451,17.45376465621885
4452,17.43470788435651
4453,17.407009286313393
4454,17.45376465621885
4455,17.400774809197475
4456,17.475680524734464
4457,17.499611207593308
4458,17.499611207593308
4459,17.499611207593297
4460,17.409339213254775
4461,17.499611207593308
4462,17.46229572214775
4463,17.499611207593308
4464,17.499611207593308
4465,17.449331338247767
4466,17.499611207593308
4467,17.458976764349448
4468,17.499611207593308
4469,17.31681698599518
4470,17.45376465621885
4471,17.444631123519702
4472,17.244841428293327
4473,17.483656017425808
4474,17.362477644188417
4475,17.4996112075933
4476,17.302574965380902
4477,17.475680524734464
4478,17.47624779259663
4479,17.400774809197472
4480,17.4319685533729
4481,17.44934209570875
4482,17.336126283108616
4483,17.499611207593308
4484,17.499611207593297
4485,17.4446311235197
4486,17.44780988304228
4487,17.38727662717915
4488,17.44463112351971
4489,17.4996112075933
4490,17.402132393267863
4491,17.43870512989218
4492,17.47624779259663
4493,17.45897676434944
4494,17.415958947404192
4495,17.475680524734464
4496,17.499611207593308
4497,17.38296931446938
4498,17.44934209570875
4499,17.499611207593308
4500,17.44780988304228
4501,17.475680524734464
4502,17.50296814646894
4503,17.499611207593308
4504,17.46229572214774
4505,17.39100224995959
4506,17.475680524734468
4507,17.430161816484976
4508,17.499611207593304
4509,17.499611207593308
4510,17.447673719480328
4511,17.499611207593297
4512,17.45897676434944
4513,17.475680524734468
4514,17.4996112075933
4515,17.4996112075933
4516,17.475680524734468
4517,17.476247792596627
4518,17.483656017425808
4519,17.499611207593308
4520,17.28860833595389
4521,17.4836560174258
4522,17.420417183593706
4523,17.364672259714364
4524,17.45376465621885
4525,17.447809883042286
4526,17.419546520236054
4527,17.475680524734475
4528,17.475680524734475
4529,17.499611207593308
4530,17.499611207593308
4531,17.430161816484986
4532,17.499611207593297
4533,17.460211618636496
4534,17.41625543768601
4535,17.458976764349448
4536,17.499611207593308
4537,17.499611207593308
4538,17.42041718359371
4539,17.462295722147754
4540,17.347780616562375
4541,17.40236850642913
4542,17.38727662717915
4543,17.41580309271815
4544,17.328647345698407
4545,17.45376465621885
4546,17.373208410117403
4547,17.438705129892178
4548,17.462295722147747
4549,17.407009286313386
4550,17.483656017425798
4551,17.373208410117403
4552,17.44780988304227
4553,17.464953927585448
4554,17.431968553372897
4555,17.339048757598604
4556,17.446920088807907
4557,17.348753990827046
4558,17.413270731990824
4559,17.434779381091307
4560,17.373520294116247
4561,17.483656017425798
4562,17.373208410117403
4563,17.444631123519702
4564,17.384305491477335
4565,17.43470788435651
4566,17.45376465621885
4567,17.44780988304228
4568,17.391002249959598
4569,17.483656017425798
4570,17.444631123519702
4571,17.415803092718146
4572,17.499611207593304
4573,17.483656017425808
4574,17.39100224995959
4575,17.351915247408833
4576,17.446920088807907
4577,17.499611207593308
4578,17.46495392758545
4579,17.460211618636492
4580,17.412099286575277
4581,17.499611207593308
4582,17.431968553372897
4583,17.458976764349437
4584,17.502968146468934
4585,17.475680524734468
4586,17.499611207593308
4587,17.44767371948032
4588,17.434707884356513
4589,17.4996112075933
4590,17.44780988304227
4591,17.400774809197472
4592,17.47624779259663
4593,17.499611207593308
4594,17.447809883042282
4595,17.44767371948032
4596,17.4996112075933
4597,17.373520294116247
4598,17.434779381091307
4599,17.499611207593297
4600,17.458976764349448
4601,17.431968553372897
4602,17.499611207593297
4603,17.475680524734468
4604,17.499611207593308
4605,17.447809883042275
4606,17.430161816484983
4607,17.43016181648498
4608,17.244660102515734
4609,17.50296814646894
4610,17.446920088807914
4611,17.499611207593304
4612,17.499611207593304
4613,17.458976764349444
4614,17.475680524734475
4615,17.499611207593308
4616,17.458976764349448
4617,17.46229572214775
4618,17.47568052473447
4619,17.46229572214775
4620,17.499611207593308
4621,17.44780988304228
4622,17.499611207593308
4623,17.462295722147747
4624,17.499611207593308
4625,17.499611207593308
4626,17.499611207593308
4627,17.390478927024464
4628,17.475680524734475
4629,17.499611207593308
4630,17.47568052473447
4631,17.502968146468934
4632,17.499611207593308
4633,17.499611207593308
4634,17.402132393267863
4635,17.444631123519702
4636,17.4319685533729
4637,17.364672259714364
4638,17.45376465621885
4639,17.40933921325476
4640,17.462295722147747
4641,17.45376465621885
4642,17.43470788435651
4643,17.499611207593308
4644,17.391002249959598
4645,17.415803092718146
4646,17.317346625912293
4647,17.499611207593297
4648,17.37320841011741
4649,17.4836560174258
4650,17.39381154609383
4651,17.415803092718146
4652,17.41372257054102
4653,17.499611207593304
4654,17.41209928657527
4655,17.499611207593297
4656,17.499611207593308
4657,17.431968553372904
4658,17.406307664237616
4659,17.46021161863649
4660,17.373520294116247
4661,17.447673719480317
4662,17.391002249959598
4663,17.499611207593308
4664,17.499611207593297
4665,17.4446311235197
4666,17.462295722147747
4667,17.499611207593297
4668,17.499611207593308
4669,17.446920088807907
4670,17.475680524734468
4671,17.44767371948032
4672,17.458976764349437
4673,17.458976764349444
4674,17.50296814646893
4675,17.499611207593308
4676,17.35191524740884
4677,17.4996112075933
4678,17.402368506429127
4679,17.499611207593308
4680,17.499611207593308
4681,17.499611207593297
4682,17.4996112075933
4683,17.264849282708646
4684,17.434707884356516
4685,17.427037572973614
4686,17.43236301782068
4687,17.458976764349444
4688,17.382969314469385
4689,17.44780988304227
4690,17.342066501775943
4691,17.499611207593297
4692,17.499611207593308
4693,17.499611207593308
4694,17.402132393267863
4695,17.434707884356513
4696,17.475680524734475
4697,17.499611207593297
4698,17.447809883042282
4699,17.499611207593308
4700,17.420447618646968
4701,17.4996112075933
4702,17.400774809197475
4703,17.40933921325476
4704,17.499611207593308
4705,17.483656017425808
4706,17.413270731990824
4707,17.460211618636492
4708,17.499611207593304
4709,17.289711939942187
4710,17.45376465621885
4711,17.40700928631339
4712,17.483656017425808
4713,17.499611207593308
4714,17.476247792596624
4715,17.46229572214775
4716,17.447809883042286
4717,17.434707884356516
4718,17.458976764349448
4719,17.499611207593308
4720,17.399450145203268
4721,17.41580309271815
4722,17.415803092718154
4723,17.43477938109131
4724,17.407009286313386
4725,17.321084103316274
4726,17.34778061656238
4727,17.37352029411624
4728,17.499611207593308
4729,17.464953927585448
4730,17.434707884356513
4731,17.45376465621885
4732,17.364672259714364
4733,17.41372257054102
4734,17.391002249959598
4735,17.4836560174258
4736,17.393811546093836
4737,17.38296931446939
4738,17.50296814646894
4739,17.43477938109131
4740,17.4996112075933
4741,17.499611207593297
4742,17.44780988304228
4743,17.399450145203264
4744,17.391002249959595
4745,17.434707884356513
4746,17.460211618636496
4747,17.40933921325476
4748,17.44780988304227
4749,17.458976764349437
4750,17.447809883042286
4751,17.499611207593308
4752,17.499611207593297
4753,17.458976764349437
4754,17.4996112075933
4755,17.499611207593308
4756,17.43527914210224
4757,17.499611207593308
4758,17.458976764349437
4759,17.499611207593308
4760,17.499611207593308
4761,17.449342095708758
4762,17.499611207593308
4763,17.458976764349448
4764,17.499611207593308
4765,17.499611207593308
4766,17.402368506429127
4767,17.499611207593308
4768,17.50296814646894
4769,17.444631123519706
4770,17.413270731990828
4771,17.378470342440522
4772,17.499611207593308
4773,17.475680524734475
4774,17.499611207593308
4775,17.50296814646894
4776,17.391002249959598
4777,17.458976764349448
4778,17.4996112075933
4779,17.475680524734475
4780,17.499611207593308
4781,17.50296814646894
4782,17.3910022499596
4783,17.499611207593308
4784,17.475680524734475
4785,17.4446311235197
4786,17.44780988304228
4787,17.47624779259663
4788,17.400774809197475
4789,17.499611207593297
4790,17.438705129892192
4791,17.475680524734468
4792,17.37757643332276
4793,17.390478927024475
4794,17.475680524734464
4795,17.373520294116243
4796,17.430161816484983
4797,17.475680524734468
4798,17.47624779259663
4799,17.348753990827053
4800,17.40700928631339
4801,17.43470788435651
4802,17.4836560174258
4803,17.476247792596634
4804,17.364672259714364
4805,17.391002249959598
4806,17.43477938109131
4807,17.462295722147744
4808,17.434707884356513
4809,17.434779381091307
4810,17.483656017425798
4811,17.483656017425808
4812,17.331151627732176
4813,17.499611207593308
4814,17.458976764349448
4815,17.447809883042268
4816,17.44463112351971
4817,17.499611207593308
4818,17.44934209570875
4819,17.50296814646894
4820,17.458976764349444
4821,17.499611207593308
4822,17.412099286575287
4823,17.460211618636496
4824,17.50296814646894
4825,17.499611207593308
4826,17.447809883042286
4827,17.341781137131992
4828,17.419546520236054
4829,17.483656017425808
4830,17.475680524734475
4831,17.4996112075933
4832,17.483656017425808
4833,17.458976764349437
4834,17.44463112351971
4835,17.50296814646894
4836,17.325993939022133
4837,17.464953927585455
4838,17.475680524734468
4839,17.475680524734475
4840,17.499611207593308
4841,17.458976764349448
4842,17.499611207593308
4843,17.446920088807914
4844,17.432363017820688
4845,17.400774809197472
4846,17.458976764349437
4847,17.475680524734475
4848,17.4996112075933
4849,17.40933921325476
4850,17.47568052473447
4851,17.447809883042268
4852,17.409339213254764
4853,17.499611207593308
4854,17.39100224995959
4855,17.26209682189169
4856,17.37320841011741
4857,17.4836560174258
4858,17.499611207593297
4859,17.43477938109131
4860,17.4446311235197
4861,17.36466659326263
4862,17.317346625912297
4863,17.458976764349437
4864,17.438705129892185
4865,17.320350643952963
4866,17.383938517979672
4867,17.475680524734468
4868,17.499611207593308
4869,17.382969314469378
4870,17.499611207593297
4871,17.475680524734468
4872,17.446920088807907
4873,17.434707884356513
4874,17.499611207593308
4875,17.43016181648498
4876,17.458976764349437
4877,17.499611207593297
4878,17.4996112075933
4879,17.499611207593308
4880,17.499611207593308
4881,17.41209928657527
4882,17.38301409227824
4883,17.46021161863649
4884,17.464953927585448
4885,17.394164455967417
4886,17.476247792596634
4887,17.409339213254764
4888,17.499611207593308
4889,17.499611207593308
4890,17.43016181648498
4891,17.499611207593308
4892,17.402132393267863
4893,17.400774809197472
4894,17.44767371948032
4895,17.44767371948032
4896,17.43870512989219
4897,17.499611207593297
4898,17.402132393267863
4899,17.4996112075933
4900,17.419546520236054
4901,17.462295722147744
4902,17.475680524734468
4903,17.43016181648498
4904,17.483656017425808
4905,17.43870512989218
4906,17.430161816484976
4907,17.4996112075933
4908,17.460211618636496
4909,17.420417183593703
4910,17.46229572214775
4911,17.430161816484972
4912,17.499611207593308
4913,17.44780988304227
4914,17.4996112075933
4915,17.499611207593308
4916,17.458976764349437
4917,17.351915247408833
4918,17.458976764349437
4919,17.483656017425808
4920,17.499611207593308
4921,17.499611207593297
4922,17.460211618636492
4923,17.46229572214775
4924,17.499611207593297
4925,17.434707884356513
4926,17.383938517979672
4927,17.499611207593308
4928,17.499611207593308
4929,17.499611207593308
4930,17.499611207593297
4931,17.499611207593308
4932,17.499611207593308
4933,17.458976764349448
4934,17.413270731990828
4935,17.499611207593308
4936,17.499611207593308
4937,17.499611207593308
4938,17.499611207593308
4939,17.499611207593308
4940,17.499611207593308
4941,17.499611207593308
4942,17.476247792596634
4943,17.499611207593308
4944,17.46229572214775
4945,17.460211618636496
4946,17.50296814646894
4947,17.475680524734475
4948,17.320884954378243
4949,17.36098500799087
4950,17.384305491477342
4951,17.4996112075933
4952,17.373520294116247
4953,17.44767371948032
4954,17.370447024327756
4955,17.3498661033133
4956,17.43870512989219
4957,17.447809883042275
4958,17.449331338247767
4959,17.4996112075933
4960,17.44780988304227
4961,17.4996112075933
4962,17.475680524734468
4963,17.4996112075933
4964,17.4996112075933
4965,17.447809883042275
4966,17.295335451795673
4967,17.44780988304227
4968,17.4446311235197
4969,17.499611207593308
4970,17.499611207593308
4971,17.4996112075933
4972,17.44780988304227
4973,17.462295722147747
4974,17.431968553372897
4975,17.499611207593308
4976,17.499611207593308
4977,17.43236301782068
4978,17.499611207593308
4979,17.499611207593308
4980,17.499611207593308
4981,17.499611207593304
4982,17.383938517979672
4983,17.499611207593308
4984,17.499611207593308
4985,17.499611207593308
4986,17.447673719480328
4987,17.499611207593308
4988,17.483656017425808
4989,17.499611207593308
4990,17.499611207593308
4991,17.499611207593308
4992,17.499611207593308
4993,17.499611207593308
4994,17.46229572214775
4995,17.499611207593308
4996,17.462295722147747
4997,17.390021276947245
4998,17.438705129892185
4999,17.475680524734475
5000,17.499611207593308
5001,17.447809883042286
5002,17.499611207593308
5003,17.458976764349444
5004,17.50296814646894
5005,17.499611207593308
5006,17.499611207593308
5007,17.444631123519702
5008,17.235126765755144
5009,17.499611207593308
5010,17.44780988304228
5011,17.32035064395297
5012,17.50296814646894
5013,17.475680524734475
5014,17.499611207593308
5015,17.458976764349448
5016,17.499611207593308
5017,17.169128891784254
5018,17.388606064573054
5019,17.432363017820684
5020,17.499611207593308
5021,17.460211618636492
5022,17.4446311235197
5023,17.499611207593308
5024,17.4996112075933
5025,17.458976764349437
5026,17.402132393267863
5027,17.431968553372897
5028,17.420417183593703
5029,17.476247792596634
5030,17.47624779259663
5031,17.499611207593308
5032,17.460211618636496
5033,17.475680524734468
5034,17.373520294116247
5035,17.44780988304227
5036,17.499611207593308
5037,17.475680524734464
5038,17.499611207593308
5039,17.475680524734468
5040,17.23277118685438
5041,17.413270731990824
5042,17.475680524734468
5043,17.475680524734475
5044,17.47624779259663
5045,17.499611207593308
5046,17.460211618636492
5047,17.4836560174258
5048,17.434707884356516
5049,17.47624779259663
5050,17.44463112351971
5051,17.499611207593308
5052,17.458976764349437
5053,17.499611207593308
5054,17.499611207593304
5055,17.499611207593308
5056,17.475680524734464
5057,17.434707884356516
5058,17.4996112075933
5059,17.483656017425808
5060,17.4996112075933
5061,17.475680524734468
5062,17.383938517979683
5063,17.499611207593308
5064,17.499611207593304
5065,17.447809883042282
5066,17.499611207593308
5067,17.499611207593297
5068,17.499611207593308
5069,17.475680524734475
5070,17.40933921325476
5071,17.499611207593308
5072,17.391002249959598
5073,17.50296814646894
5074,17.400774809197472
5075,17.499611207593308
5076,17.46229572214775
5077,17.475680524734464
5078,17.502968146468934
5079,17.39047892702447
5080,17.483656017425798
5081,17.4446311235197
5082,17.47624779259663
5083,17.464953927585448
5084,17.325837344605272
5085,17.434779381091307
5086,17.45897676434944
5087,17.40933921325476
5088,17.462295722147747
5089,17.45376465621885
5090,17.415803092718146
5091,17.347780616562364
5092,17.45376465621885
5093,17.462295722147744
5094,17.45897676434944
5095,17.499611207593308
5096,17.460211618636492
5097,17.499611207593308
5098,17.434707884356513
5099,17.499611207593297
5100,17.475680524734468
5101,17.475680524734468
5102,17.434707884356516
5103,17.458976764349437
5104,17.499611207593308
5105,17.499611207593308
5106,17.350932785088418
5107,17.499611207593308
5108,17.4996112075933
5109,17.458976764349448
5110,17.47624779259663
5111,17.444631123519702
5112,17.499611207593308
5113,17.499611207593308
5114,17.4446311235197
5115,17.499611207593297
5116,17.499611207593308
5117,17.499611207593308
5118,17.431968553372897
5119,17.499611207593308
5120,17.4996112075933
5121,17.46229572214775
5122,17.419546520236057
5123,17.438705129892174
5124,17.499611207593308
5125,17.400409494639224
5126,17.409254471706898
5127,17.50296814646894
5128,17.499611207593308
5129,17.44463112351971
5130,17.499611207593308
5131,17.43477938109131
5132,17.409339213254768
5133,17.499611207593308
5134,17.391002249959598
5135,17.442474560791172
5136,17.46495392758546
5137,17.394164455967417
5138,17.400409494639224
5139,17.483656017425808
5140,17.33335442476096
5141,17.462295722147747
5142,17.44780988304228
5143,17.444631123519702
5144,17.379510245873842
5145,17.383938517979676
5146,17.3173466259123
5147,17.434707884356513
5148,17.434707884356506
5149,17.400774809197475
5150,17.352543158555356
5151,17.460211618636496
5152,17.415803092718154
5153,17.373208410117403
5154,17.45897676434944
5155,17.41372257054102
5156,17.462295722147747
5157,17.43470788435651
5158,17.434779381091307
5159,17.407009286313386
5160,17.40933921325476
5161,17.339048757598604
5162,17.4996112075933
5163,17.45897676434944
5164,17.362477644188417
5165,17.46229572214775
5166,17.499611207593297
5167,17.44780988304228
5168,17.413270731990824
5169,17.40933921325476
5170,17.4996112075933
5171,17.413270731990824
5172,17.499611207593297
5173,17.499611207593308
5174,17.499611207593308
5175,17.449331338247767
5176,17.377576433322766
5177,17.499611207593308
5178,17.499611207593308
5179,17.499611207593308
5180,17.499611207593308
5181,17.499611207593308
5182,17.499611207593308
5183,17.499611207593308
5184,17.499611207593308
5185,17.499611207593308
5186,17.499611207593308
5187,17.499611207593308
5188,17.499611207593308
5189,17.499611207593308
5190,17.447809883042282
5191,17.458976764349444
5192,17.499611207593308
5193,17.499611207593308
5194,17.499611207593308
5195,17.499611207593308
5196,17.499611207593308
5197,17.45897676434944
5198,17.475680524734468
5199,17.475680524734475
5200,17.50296814646894
5201,17.475680524734468
5202,17.44780988304227
5203,17.458976764349448
5204,17.475680524734464
5205,17.4446311235197
5206,17.50296814646894
5207,17.458976764349437
5208,17.499611207593308
5209,17.4996112075933
5210,17.391002249959598
5211,17.499611207593308
5212,17.39416445596741
5213,17.502968146468934
5214,17.45376465621885
5215,17.394164455967406
5216,17.43870512989218
5217,17.499611207593308
5218,17.50296814646894
5219,17.447809883042286
5220,17.499611207593308
5221,17.499611207593308
5222,17.46229572214775
5223,17.393811546093847
5224,17.499611207593308
5225,17.475680524734475
5226,17.432363017820688
5227,17.494711486336527
5228,17.434707884356516
5229,17.499611207593308
5230,17.502968146468934
5231,17.46021161863649
5232,17.42041718359371
5233,17.391002249959595
5234,17.499611207593308
5235,17.499611207593308
5236,17.499611207593308
5237,17.499611207593308
5238,17.499611207593308
5239,17.499611207593308
5240,17.499611207593308
5241,17.499611207593308
5242,17.475680524734475
5243,17.400774809197472
5244,17.476247792596634
5245,17.387276627179155
5246,17.412753763964346
5247,17.475680524734468
5248,17.499611207593308
5249,17.431968553372897
5250,17.39100224995959
5251,17.499611207593297
5252,17.447673719480317
5253,17.499611207593297
5254,17.499611207593304
5255,17.413270731990824
5256,17.4996112075933
5257,17.47624779259663
5258,17.373520294116247
5259,17.475680524734468
5260,17.402368506429127
5261,17.382969314469378
5262,17.47624779259663
5263,17.499611207593308
5264,17.4996112075933
5265,17.458976764349437
5266,17.462295722147747
5267,17.499611207593297
5268,17.39100224995959
5269,17.475680524734468
5270,17.39100224995959
5271,17.499611207593297
5272,17.499611207593308
5273,17.475680524734468
5274,17.402132393267863
5275,17.447673719480317
5276,17.499611207593297
5277,17.499611207593308
5278,17.4996112075933
5279,17.44780988304227
5280,17.499611207593308
5281,17.499611207593297
5282,17.499611207593308
5283,17.431968553372897
5284,17.499611207593308
5285,17.499611207593304
5286,17.460211618636485
5287,17.444631123519702
5288,17.391002249959605
5289,17.458976764349444
5290,17.499611207593297
5291,17.499611207593308
5292,17.462295722147747
5293,17.499611207593308
5294,17.499611207593308
5295,17.47568052473447
5296,17.499611207593308
5297,17.40933921325477
5298,17.44780988304228
5299,17.46229572214775
5300,17.499611207593308
5301,17.499611207593308
5302,17.475680524734475
5303,17.499611207593308
5304,17.499611207593308
5305,17.499611207593308
5306,17.46229572214775
5307,17.499611207593308
5308,17.499611207593308
5309,17.499611207593308
5310,17.46229572214775
5311,17.39100224995959
5312,17.499611207593308
5313,17.499611207593308
5314,17.499611207593308
5315,17.499611207593308
5316,17.499611207593308
5317,17.483656017425808
5318,17.50296814646894
5319,17.46229572214775
5320,17.35838290483349
5321,17.499611207593308
5322,17.499611207593308
5323,17.373520294116247
5324,17.499611207593308
5325,17.502968146468934
5326,17.476247792596634
5327,17.45376465621885
5328,17.460211618636492
5329,17.400774809197472
5330,17.43870512989219
5331,17.4996112075933
5332,17.475680524734468
5333,17.499611207593297
5334,17.499611207593297
5335,17.362477644188413
5336,17.499611207593297
5337,17.4446311235197
5338,17.294458570631853
5339,17.44934209570875
5340,17.45897676434944
5341,17.446920088807914
5342,17.43527914210224
5343,17.499611207593308
5344,17.499611207593297
5345,17.43527914210224
5346,17.4996112075933
5347,17.499611207593297
5348,17.370447024327753
5349,17.475680524734464
5350,17.499611207593297
5351,17.44780988304227
5352,17.499611207593297
5353,17.499611207593308
5354,17.499611207593297
5355,17.434707884356513
5356,17.47624779259663
5357,17.4996112075933
5358,17.499611207593297
5359,17.4996112075933
5360,17.499611207593297
5361,17.4996112075933
5362,17.499611207593297
5363,17.45897676434944
5364,17.50296814646893
5365,17.475680524734468
5366,17.499611207593297
5367,17.42041718359371
5368,17.462295722147744
5369,17.4836560174258
5370,17.483656017425798
5371,17.4836560174258
5372,17.402132393267863
5373,17.45897676434944
5374,17.499611207593297
5375,17.43470788435651
5376,17.447673719480317
5377,17.475680524734468
5378,17.447673719480324
5379,17.499611207593297
5380,17.33192210926113
5381,17.43016181648498
5382,17.499611207593297
5383,17.4996112075933
5384,17.4996112075933
5385,17.447673719480324
5386,17.4996112075933
5387,17.416255437686004
5388,17.4996112075933
5389,17.4996112075933
5390,17.4996112075933
5391,17.4996112075933
5392,17.43016181648498
5393,17.4996112075933
5394,17.45897676434944
5395,17.45897676434944
5396,17.4996112075933
5397,17.446920088807907
5398,17.475680524734468
5399,17.449331338247763
5400,17.4996112075933
5401,17.447673719480317
5402,17.4996112075933
5403,17.4996112075933
5404,17.4996112075933
5405,17.4996112075933
5406,17.4996112075933
5407,17.47568052473447
5408,17.39945014520327
5409,17.4996112075933
5410,17.447673719480317
5411,17.4996112075933
5412,17.446920088807907
5413,17.447809883042275
5414,17.4996112075933
5415,17.447673719480324
5416,17.4996112075933
5417,17.44767371948032
5418,17.4996112075933
5419,17.45897676434944
5420,17.4996112075933
5421,17.460211618636492
5422,17.502968146468934
5423,17.4996112075933
5424,17.476247792596634
5425,17.475680524734468
5426,17.45897676434944
5427,17.402132393267863
5428,17.4446311235197
5429,17.4996112075933
5430,17.4996112075933
5431,17.447673719480324
5432,17.446920088807914
5433,17.4996112075933
5434,17.4996112075933
5435,17.4996112075933
5436,17.45897676434944
5437,17.4996112075933
5438,17.4996112075933
5439,17.4996112075933
5440,17.4996112075933
5441,17.4996112075933
5442,17.4996112075933
5443,17.4996112075933
5444,17.4602116186365
5445,17.431968553372904
5446,17.4996112075933
5447,17.4996112075933
5448,17.446920088807907
5449,17.449331338247763
5450,17.4996112075933
5451,17.4996112075933
5452,17.4996112075933
5453,17.4996112075933
5454,17.4996112075933
5455,17.4996112075933
5456,17.4996112075933
5457,17.4996112075933
5458,17.4996112075933
5459,17.4996112075933
5460,17.4996112075933
5461,17.4996112075933
5462,17.4996112075933
5463,17.4996112075933
5464,17.4996112075933
5465,17.44767371948032
5466,17.4996112075933
5467,17.4996112075933
5468,17.4996112075933
5469,17.47624779259663
5470,17.4996112075933
5471,17.4996112075933
5472,17.4996112075933
5473,17.4996112075933
5474,17.4996112075933
5475,17.4602116186365
5476,17.4996112075933
5477,17.43016181648498
5478,17.4446311235197
5479,17.4996112075933
5480,17.4996112075933
5481,17.4996112075933
5482,17.4996112075933
5483,17.4996112075933
5484,17.4996112075933
5485,17.4996112075933
5486,17.475680524734468
5487,17.502968146468934
5488,17.4996112075933
5489,17.4996112075933
5490,17.409254471706895
5491,17.4836560174258
5492,17.39945014520328
5493,17.462295722147744
5494,17.4996112075933
5495,17.4836560174258
5496,17.4996112075933
5497,17.4602116186365
5498,17.4996112075933
5499,17.4996112075933
5500,17.4996112075933
5501,17.4996112075933
5502,17.315562917465005
5503,17.434707884356513
5504,17.45897676434944
5505,17.502968146468934
5506,17.47624779259663
5507,17.447673719480317
5508,17.44780988304228
5509,17.447673719480324
5510,17.4996112075933
5511,17.4996112075933
5512,17.4996112075933
5513,17.4996112075933
5514,17.44463112351971
5515,17.4446311235197
5516,17.499611207593308
5517,17.43196855337291
5518,17.39100224995959
5519,17.499611207593308
5520,17.475680524734468
5521,17.420417183593703
5522,17.499611207593308
5523,17.499611207593304
5524,17.43870512989218
5525,17.499611207593308
5526,17.499611207593308
5527,17.499611207593308
5528,17.50296814646894
5529,17.499611207593308
5530,17.458976764349448
5531,17.499611207593308
5532,17.475680524734475
5533,17.499611207593308
5534,17.447809883042286
5535,17.43870512989219
5536,17.47568052473447
5537,17.499611207593304
5538,17.444631123519702
5539,17.447809883042275
5540,17.4996112075933
5541,17.43870512989219
5542,17.4996112075933
5543,17.499611207593308
5544,17.4996112075933
5545,17.499611207593308
5546,17.4996112075933
5547,17.476247792596634
5548,17.40700928631339
5549,17.502968146468934
5550,17.266155014935034
5551,17.46229572214775
5552,17.458976764349437
5553,17.475680524734475
5554,17.502968146468934
5555,17.499611207593297
5556,17.41580309271815
5557,17.483656017425798
5558,17.45376465621885
5559,17.499611207593297
5560,17.462295722147744
5561,17.50296814646894
5562,17.446920088807914
5563,17.46229572214775
5564,17.47624779259663
5565,17.434707884356513
5566,17.483656017425808
5567,17.499611207593297
5568,17.39100224995959
5569,17.499611207593308
5570,17.499611207593308
5571,17.499611207593308
5572,17.499611207593308
5573,17.499611207593308
5574,17.499611207593308
5575,17.499611207593308
5576,17.458976764349448
5577,17.50296814646894
5578,17.483656017425808
5579,17.462295722147754
5580,17.351915247408837
5581,17.43016181648498
5582,17.350932785088414
5583,17.413270731990828
5584,17.499611207593297
5585,17.447809883042282
5586,17.499611207593297
5587,17.4996112075933
5588,17.446920088807914
5589,17.499611207593308
5590,17.499611207593297
5591,17.44767371948032
5592,17.402132393267863
5593,17.47568052473447
5594,17.44780988304227
5595,17.420417183593703
5596,17.499611207593297
5597,17.458976764349444
5598,17.378470342440526
5599,17.4996112075933
5600,17.499611207593297
5601,17.499611207593308
5602,17.499611207593308
5603,17.499611207593297
5604,17.499611207593308
5605,17.413270731990824
5606,17.499611207593308
5607,17.499611207593304
5608,17.46495392758545
5609,17.499611207593308
5610,17.4446311235197
5611,17.458976764349448
5612,17.462295722147744
5613,17.499611207593308
5614,17.499611207593308
5615,17.499611207593304
5616,17.4996112075933
5617,17.447809883042282
5618,17.400774809197472
5619,17.499611207593308
5620,17.462295722147747
5621,17.499611207593304
5622,17.46229572214775
5623,17.499611207593308
5624,17.499611207593308
5625,17.499611207593308
5626,17.47568052473447
5627,17.499611207593308
5628,17.499611207593308
5629,17.499611207593308
5630,17.499611207593308
5631,17.46229572214775
5632,17.434707884356513
5633,17.4446311235197
5634,17.462295722147744
5635,17.499611207593308
5636,17.458976764349444
5637,17.499611207593308
5638,17.499611207593308
5639,17.499611207593308
5640,17.499611207593308
5641,17.446920088807907
5642,17.499611207593308
5643,17.499611207593308
5644,17.44780988304228
5645,17.47568052473447
5646,17.458976764349444
5647,17.499611207593308
5648,17.499611207593308
5649,17.43870512989219
5650,17.387276627179155
5651,17.499611207593304
5652,17.499611207593308
5653,17.40077480919748
5654,17.499611207593308
5655,17.39100224995959
5656,17.4996112075933
5657,17.447673719480317
5658,17.39100224995959
5659,17.43870512989219
5660,17.431968553372897
5661,17.4996112075933
5662,17.475680524734468
5663,17.41327073199082
5664,17.475680524734468
5665,17.499611207593308
5666,17.449331338247767
5667,17.4996112075933
5668,17.43527914210224
5669,17.47624779259663
5670,17.343690973193176
5671,17.499611207593297
5672,17.499611207593308
5673,17.44780988304227
5674,17.413270731990824
5675,17.4996112075933
5676,17.47624779259663
5677,17.499611207593308
5678,17.499611207593297
5679,17.351915247408837
5680,17.458976764349437
5681,17.499611207593297
5682,17.4996112075933
5683,17.499611207593297
5684,17.499611207593308
5685,17.499611207593297
5686,17.499611207593308
5687,17.44780988304227
5688,17.499611207593297
5689,17.462295722147747
5690,17.45897676434944
5691,17.499611207593297
5692,17.44934209570875
5693,17.499611207593297
5694,17.499611207593308
5695,17.499611207593308
5696,17.499611207593308
5697,17.499611207593308
5698,17.499611207593308
5699,17.499611207593304
5700,17.499611207593308
5701,17.44463112351971
5702,17.227575600848038
5703,17.499611207593308
5704,17.499611207593308
5705,17.499611207593308
5706,17.499611207593308
5707,17.458976764349448
5708,17.499611207593304
5709,17.499611207593308
5710,17.499611207593308
5711,17.499611207593308
5712,17.458976764349444
5713,17.444631123519702
5714,17.460211618636503
5715,17.400774809197472
5716,17.499611207593308
5717,17.499611207593308
5718,17.499611207593308
5719,17.499611207593308
5720,17.420417183593706
5721,17.499611207593308
5722,17.499611207593308
5723,17.499611207593308
5724,17.499611207593308
5725,17.499611207593308
5726,17.444631123519706
5727,17.447673719480324
5728,17.499611207593308
5729,17.499611207593308
5730,17.499611207593308
5731,17.458976764349444
5732,17.444631123519706
5733,17.475680524734464
5734,17.499611207593308
5735,17.420417183593703
5736,17.444631123519706
5737,17.447809883042286
5738,17.499611207593308
5739,17.499611207593308
5740,17.420417183593706
5741,17.413270731990828
5742,17.499611207593308
5743,17.499611207593308
5744,17.499611207593308
5745,17.475680524734468
5746,17.499611207593308
5747,17.499611207593304
5748,17.499611207593308
5749,17.499611207593308
5750,17.499611207593308
5751,17.499611207593308
5752,17.4996112075933
5753,17.4996112075933
5754,17.499611207593308
5755,17.475680524734468
5756,17.499611207593297
5757,17.499611207593297
5758,17.499611207593308
5759,17.50296814646893
5760,17.499611207593297
5761,17.383938517979672
5762,17.499611207593297
5763,17.460211618636496
5764,17.4446311235197
5765,17.499611207593297
5766,17.475680524734475
5767,17.499611207593297
5768,17.47624779259663
5769,17.499611207593308
5770,17.499611207593297
5771,17.499611207593308
5772,17.412099286575266
5773,17.384305491477342
5774,17.43470788435651
5775,17.45376465621885
5776,17.483656017425798
5777,17.40700928631339
5778,17.483656017425808
5779,17.499611207593308
5780,17.499611207593308
5781,17.499611207593308
5782,17.499611207593308
5783,17.458976764349448
5784,17.46229572214775
5785,17.387276627179155
5786,17.499611207593308
5787,17.499611207593308
5788,17.434707884356513
5789,17.499611207593308
5790,17.499611207593308
5791,17.499611207593308
5792,17.402132393267863
5793,17.475680524734468
5794,17.499611207593297
5795,17.4996112075933
5796,17.39945014520327
5797,17.499611207593297
5798,17.4446311235197
5799,17.43527914210224
5800,17.4996112075933
5801,17.47568052473447
5802,17.475680524734468
5803,17.4996112075933
5804,17.499611207593297
5805,17.499611207593308
5806,17.431968553372897
5807,17.47624779259663
5808,17.499611207593297
5809,17.499611207593308
5810,17.39100224995959
5811,17.499611207593297
5812,17.499611207593308
5813,17.499611207593297
5814,17.413270731990828
5815,17.4996112075933
5816,17.460211618636492
5817,17.430161816484986
5818,17.4996112075933
5819,17.4996112075933
5820,17.502968146468934
5821,17.4996112075933
5822,17.4996112075933
5823,17.4996112075933
5824,17.402132393267863
5825,17.44463112351971
5826,17.499611207593308
5827,17.483656017425808
5828,17.499611207593308
5829,17.499611207593308
5830,17.499611207593308
5831,17.47624779259663
5832,17.499611207593308
5833,17.499611207593308
5834,17.499611207593308
5835,17.499611207593308
5836,17.444631123519702
5837,17.499611207593308
5838,17.458976764349444
5839,17.44463112351971
5840,17.499611207593308
5841,17.37352029411624
5842,17.499611207593308
5843,17.40933921325476
5844,17.382969314469385
5845,17.4996112075933
5846,17.462295722147747
5847,17.499611207593308
5848,17.499611207593308
5849,17.4446311235197
5850,17.499611207593308
5851,17.499611207593308
5852,17.499611207593308
5853,17.499611207593308
5854,17.499611207593308
5855,17.499611207593308
5856,17.4996112075933
5857,17.45897676434944
5858,17.449342095708758
5859,17.499611207593308
5860,17.50296814646894
5861,17.499611207593308
5862,17.499611207593308
5863,17.47568052473447
5864,17.499611207593304
5865,17.499611207593308
5866,17.499611207593308
5867,17.40700928631339
5868,17.364666593262633
5869,17.46229572214775
5870,17.402132393267863
5871,17.499611207593308
5872,17.499611207593297
5873,17.4996112075933
5874,17.499611207593297
5875,17.43477938109131
5876,17.50296814646893
5877,17.4446311235197
5878,17.475680524734464
5879,17.499611207593308
5880,17.32108410331628
5881,17.400409494639216
5882,17.43477938109131
5883,17.47568052473447
5884,17.475680524734468
5885,17.50296814646894
5886,17.475680524734464
5887,17.400774809197472
5888,17.458976764349448
5889,17.50296814646894
5890,17.499611207593308
5891,17.462295722147747
5892,17.377576433322766
5893,17.499611207593308
5894,17.499611207593308
5895,17.499611207593308
5896,17.4319685533729
5897,17.499611207593308
5898,17.44780988304228
5899,17.499611207593308
5900,17.499611207593308
5901,17.4446311235197
5902,17.3152359227532
5903,17.476247792596634
5904,17.499611207593308
5905,17.458976764349444
5906,17.499611207593308
5907,17.502968146468938
5908,17.499611207593308
5909,17.475680524734475
5910,17.499611207593308
5911,17.499611207593308
5912,17.499611207593308
5913,17.499611207593308
5914,17.499611207593308
5915,17.499611207593308
5916,17.499611207593308
5917,17.420417183593703
5918,17.4996112075933
5919,17.499611207593308
5920,17.4446311235197
5921,17.4996112075933
5922,17.499611207593308
5923,17.499611207593308
5924,17.446920088807907
5925,17.475680524734468
5926,17.4446311235197
5927,17.475680524734464
5928,17.499611207593308
5929,17.444631123519702
5930,17.44767371948032
5931,17.431968553372904
5932,17.41954652023605
5933,17.43477938109131
5934,17.413270731990824
5935,17.464953927585444
5936,17.43477938109131
5937,17.409254471706895
5938,17.45376465621885
5939,17.45376465621885
5940,17.4446311235197
5941,17.45376465621885
5942,17.50296814646893
5943,17.50296814646894
5944,17.499611207593308
5945,17.458976764349437
5946,17.499611207593308
5947,17.499611207593308
5948,17.50296814646894
5949,17.499611207593308
5950,17.409339213254768
5951,17.499611207593308
5952,17.499611207593308
5953,17.499611207593308
5954,17.475680524734475
5955,17.499611207593308
5956,17.447673719480317
5957,17.458976764349448
5958,17.499611207593308
5959,17.402132393267866
5960,17.4996112075933
5961,17.460211618636496
5962,17.41327073199082
5963,17.449342095708758
5964,17.382969314469385
5965,17.499611207593297
5966,17.420417183593713
5967,17.47624779259663
5968,17.400409494639224
5969,17.50296814646894
5970,17.499611207593308
5971,17.328647345698418
5972,17.499611207593308
5973,17.499611207593308
5974,17.44767371948032
5975,17.46229572214775
5976,17.44780988304228
5977,17.483656017425808
5978,17.499611207593308
5979,17.499611207593308
5980,17.499611207593308
5981,17.420417183593713
5982,17.46021161863649
5983,17.46229572214775
5984,17.275328040480733
5985,17.43870512989219
5986,17.321404963543177
5987,17.476247792596634
5988,17.413270731990828
5989,17.47624779259663
5990,17.499611207593308
5991,17.350932785088418
5992,17.362477644188417
5993,17.4996112075933
5994,17.499611207593297
5995,17.499611207593308
5996,17.475680524734468
5997,17.33976110275705
5998,17.44780988304228
5999,17.4996112075933
6000,17.402132393267863
6001,17.350932785088414
6002,17.499611207593308
6003,17.50296814646893
6004,17.46229572214775
6005,17.447673719480317
6006,17.483656017425808
6007,17.460211618636496
6008,17.499611207593308
6009,17.499611207593308
6010,17.328647345698403
6011,17.499611207593308
6012,17.462295722147744
6013,17.499611207593308
6014,17.475680524734468
6015,17.499611207593308
6016,17.458976764349444
6017,17.499611207593308
6018,17.499611207593308
6019,17.499611207593297
6020,17.499611207593308
6021,17.36247764418842
6022,17.499611207593308
6023,17.447809883042275
6024,17.483656017425808
6025,17.499611207593308
6026,17.47568052473447
6027,17.499611207593308
6028,17.499611207593308
6029,17.499611207593308
6030,17.499611207593304
6031,17.499611207593308
6032,17.499611207593308
6033,17.499611207593308
6034,17.499611207593308
6035,17.499611207593308
6036,17.499611207593308
6037,17.499611207593308
6038,17.444631123519706
6039,17.377576433322762
6040,17.36247764418842
6041,17.499611207593308
6042,17.499611207593308
6043,17.499611207593308
6044,17.499611207593308
6045,17.499611207593308
6046,17.499611207593308
6047,17.350932785088425
6048,17.462295722147747
6049,17.462295722147744
6050,17.499611207593308
6051,17.499611207593308
6052,17.499611207593308
6053,17.46229572214775
6054,17.499611207593308
6055,17.499611207593308
6056,17.499611207593308
6057,17.44780988304228
6058,17.447673719480328
6059,17.499611207593308
6060,17.499611207593308
6061,17.499611207593308
6062,17.483656017425808
6063,17.499611207593308
6064,17.499611207593308
6065,17.499611207593308
6066,17.483656017425808
6067,17.462295722147747
6068,17.499611207593308
6069,17.499611207593308
6070,17.499611207593308
6071,17.499611207593308
6072,17.45376465621885
6073,17.499611207593308
6074,17.462295722147744
6075,17.499611207593308
6076,17.499611207593308
6077,17.499611207593304
6078,17.476247792596634
6079,17.447809883042282
6080,17.4996112075933
6081,17.499611207593308
6082,17.458976764349437
6083,17.419546520236057
6084,17.413270731990828
6085,17.475680524734468
6086,17.499611207593308
6087,17.476247792596627
6088,17.400774809197472
6089,17.431968553372897
6090,17.39826253486894
6091,17.499611207593308
6092,17.446920088807914
6093,17.4996112075933
6094,17.499611207593297
6095,17.434707884356516
6096,17.499611207593297
6097,17.458976764349444
6098,17.430161816484976
6099,17.499611207593308
6100,17.460211618636496
6101,17.499611207593308
6102,17.499611207593308
6103,17.44767371948032
6104,17.499611207593308
6105,17.499611207593308
6106,17.499611207593297
6107,17.499611207593308
6108,17.499611207593308
6109,17.499611207593308
6110,17.462295722147744
6111,17.499611207593308
6112,17.499611207593308
6113,17.499611207593308
6114,17.499611207593308
6115,17.499611207593308
6116,17.499611207593308
6117,17.499611207593308
6118,17.499611207593308
6119,17.499611207593308
6120,17.434707884356516
6121,17.499611207593308
6122,17.499611207593308
6123,17.499611207593308
6124,17.43870512989218
6125,17.29533545179567
6126,17.475680524734475
6127,17.475680524734475
6128,17.499611207593308
6129,17.499611207593308
6130,17.499611207593308
6131,17.444631123519702
6132,17.438705129892178
6133,17.499611207593308
6134,17.499611207593308
6135,17.41372257054102
6136,17.483656017425808
6137,17.400774809197483
6138,17.499611207593308
6139,17.475680524734475
6140,17.475680524734468
6141,17.44767371948033
6142,17.46229572214775
6143,17.311514163358776
6144,17.34778061656237
6145,17.4996112075933
6146,17.447809883042275
6147,17.475680524734464
6148,17.499611207593308
6149,17.4446311235197
6150,17.4996112075933
6151,17.499611207593308
6152,17.476247792596634
6153,17.4446311235197
6154,17.458976764349437
6155,17.475680524734464
6156,17.278537185886826
6157,17.47624779259663
6158,17.499611207593308
6159,17.499611207593297
6160,17.4996112075933
6161,17.41954652023605
6162,17.460211618636496
6163,17.499611207593308
6164,17.499611207593297
6165,17.39100224995959
6166,17.499611207593297
6167,17.499611207593308
6168,17.447809883042268
6169,17.499611207593308
6170,17.370447024327753
6171,17.499611207593308
6172,17.499611207593297
6173,17.499611207593308
6174,17.460211618636496
6175,17.499611207593308
6176,17.499611207593297
6177,17.4996112075933
6178,17.499611207593308
6179,17.499611207593297
6180,17.434707884356513
6181,17.483656017425808
6182,17.499611207593308
6183,17.4446311235197
6184,17.444631123519706
6185,17.499611207593308
6186,17.499611207593308
6187,17.499611207593308
6188,17.499611207593308
6189,17.483656017425808
6190,17.444631123519702
6191,17.365538827925477
6192,17.364672259714364
6193,17.45376465621885
6194,17.475680524734468
6195,17.50296814646894
6196,17.50296814646894
6197,17.499611207593308
6198,17.499611207593308
6199,17.3910022499596
6200,17.499611207593308
6201,17.499611207593308
6202,17.499611207593308
6203,17.50296814646894
6204,17.499611207593308
6205,17.475680524734475
6206,17.499611207593308
6207,17.499611207593308
6208,17.46229572214775
6209,17.50296814646894
6210,17.499611207593308
6211,17.475680524734475
6212,17.4996112075933
6213,17.458976764349448
6214,17.475680524734468
6215,17.447809883042275
6216,17.384305491477335
6217,17.483656017425808
6218,17.409339213254775
6219,17.304370878783722
6220,17.45376465621885
6221,17.50296814646894
6222,17.449331338247767
6223,17.50296814646894
6224,17.50296814646894
6225,17.499611207593308
6226,17.47568052473447
6227,17.499611207593308
6228,17.434707884356516
6229,17.499611207593308
6230,17.499611207593308
6231,17.475680524734468
6232,17.499611207593308
6233,17.499611207593308
6234,17.499611207593308
6235,17.499611207593308
6236,17.499611207593308
6237,17.50296814646894
6238,17.499611207593308
6239,17.458976764349448
6240,17.499611207593308
6241,17.499611207593308
6242,17.499611207593308
6243,17.499611207593308
6244,17.416255437686008
6245,17.321925574874523
6246,17.483656017425798
6247,17.352543158555356
6248,17.499611207593304
6249,17.373208410117403
6250,17.475680524734464
6251,17.462295722147747
6252,17.348753990827053
6253,17.483656017425798
6254,17.4836560174258
6255,17.4446311235197
6256,17.434707884356516
6257,17.483656017425798
6258,17.499611207593304
6259,17.394164455967402
6260,17.434707884356513
6261,17.358382904833487
6262,17.447809883042275
6263,17.4996112075933
6264,17.44780988304227
6265,17.4996112075933
6266,17.4602116186365
6267,17.460211618636492
6268,17.4996112075933
6269,17.502968146468934
6270,17.4996112075933
6271,17.4996112075933
6272,17.476247792596634
6273,17.4996112075933
6274,17.4996112075933
6275,17.475680524734468
6276,17.47624779259663
6277,17.4996112075933
6278,17.4996112075933
6279,17.47624779259663
6280,17.47624779259663
6281,17.4996112075933
6282,17.4996112075933
6283,17.4996112075933
6284,17.4996112075933
6285,17.4996112075933
6286,17.447673719480317
6287,17.4996112075933
6288,17.4996112075933
6289,17.4996112075933
6290,17.4996112075933
6291,17.4996112075933
6292,17.4996112075933
6293,17.447673719480324
6294,17.4996112075933
6295,17.4996112075933
6296,17.4996112075933
6297,17.364672259714364
6298,17.4996112075933
6299,17.4996112075933
6300,17.419546520236054
6301,17.4996112075933
6302,17.4996112075933
6303,17.447809883042275
6304,17.4996112075933
6305,17.4996112075933
6306,17.4996112075933
6307,17.4996112075933
6308,17.4996112075933
6309,17.4996112075933
6310,17.4996112075933
6311,17.39381154609383
6312,17.4996112075933
6313,17.475680524734468
6314,17.4996112075933
6315,17.449342095708747
6316,17.4996112075933
6317,17.47624779259663
6318,17.354810471272405
6319,17.460211618636492
6320,17.4996112075933
6321,17.4996112075933
6322,17.446920088807907
6323,17.446920088807907
6324,17.4996112075933
6325,17.4996112075933
6326,17.4996112075933
6327,17.4996112075933
6328,17.4996112075933
6329,17.446920088807914
6330,17.44780988304227
6331,17.460211618636492
6332,17.475680524734468
6333,17.4996112075933
6334,17.475680524734468
6335,17.447673719480317
6336,17.460211618636492
6337,17.4996112075933
6338,17.4996112075933
6339,17.4996112075933
6340,17.460211618636492
6341,17.4996112075933
6342,17.413270731990828
6343,17.4996112075933
6344,17.4996112075933
6345,17.4996112075933
6346,17.4996112075933
6347,17.4996112075933
6348,17.4996112075933
6349,17.4996112075933
6350,17.475680524734468
6351,17.4996112075933
6352,17.44780988304227
6353,17.4996112075933
6354,17.4996112075933
6355,17.4996112075933
6356,17.4996112075933
6357,17.4996112075933
6358,17.38727662717915
6359,17.398262534868948
6360,17.4996112075933
6361,17.4602116186365
6362,17.4996112075933
6363,17.447673719480317
6364,17.4996112075933
6365,17.4996112075933
6366,17.4996112075933
6367,17.4996112075933
6368,17.499611207593308
6369,17.4996112075933
6370,17.4996112075933
6371,17.476247792596634
6372,17.4996112075933
6373,17.4996112075933
6374,17.4996112075933
6375,17.41595894740419
6376,17.4996112075933
6377,17.4996112075933
6378,17.4996112075933
6379,17.476247792596634
6380,17.4996112075933
6381,17.4996112075933
6382,17.4996112075933
6383,17.475680524734468
6384,17.460211618636492
6385,17.4996112075933
6386,17.4996112075933
6387,17.4996112075933
6388,17.4319685533729
6389,17.4996112075933
6390,17.4996112075933
6391,17.4996112075933
6392,17.4996112075933
6393,17.4996112075933
6394,17.476247792596634
6395,17.4996112075933
6396,17.4996112075933
6397,17.4996112075933
6398,17.4996112075933
6399,17.4996112075933
6400,17.41954652023606
6401,17.447673719480317
6402,17.4996112075933
6403,17.47624779259663
6404,17.416255437686
6405,17.4996112075933
6406,17.4996112075933
6407,17.4996112075933
6408,17.4996112075933
6409,17.45897676434944
6410,17.4996112075933
6411,17.4996112075933
6412,17.4996112075933
6413,17.4996112075933
6414,17.4996112075933
6415,17.4996112075933
6416,17.4996112075933
6417,17.4996112075933
6418,17.39100224995959
6419,17.4996112075933
6420,17.4996112075933
6421,17.447673719480324
6422,17.4996112075933
6423,17.44767371948032
6424,17.4996112075933
6425,17.4996112075933
6426,17.447673719480324
6427,17.475680524734468
6428,17.4996112075933
6429,17.4996112075933
6430,17.44767371948032
6431,17.4996112075933
6432,17.4996112075933
6433,17.47624779259663
6434,17.4996112075933
6435,17.4996112075933
6436,17.44767371948032
6437,17.4996112075933
6438,17.4996112075933
6439,17.4996112075933
6440,17.460211618636492
6441,17.4996112075933
6442,17.4996112075933
6443,17.4996112075933
6444,17.4996112075933
6445,17.4996112075933
6446,17.44780988304227
6447,17.446920088807907
6448,17.4996112075933
6449,17.449342095708758
6450,17.47624779259663
6451,17.460211618636492
6452,17.4996112075933
6453,17.4996112075933
6454,17.4996112075933
6455,17.4996112075933
6456,17.4996112075933
6457,17.4996112075933
6458,17.4996112075933
6459,17.4996112075933
6460,17.4996112075933
6461,17.4996112075933
6462,17.4996112075933
6463,17.44767371948032
6464,17.44780988304228
6465,17.4996112075933
6466,17.4996112075933
6467,17.4996112075933
6468,17.4996112075933
6469,17.4996112075933
6470,17.4996112075933
6471,17.4996112075933
6472,17.447673719480317
6473,17.4996112075933
6474,17.44780988304227
6475,17.449331338247763
6476,17.4996112075933
6477,17.4996112075933
6478,17.4996112075933
6479,17.45897676434944
6480,17.4996112075933
6481,17.458976764349437
6482,17.4996112075933
6483,17.446920088807907
6484,17.4996112075933
6485,17.4996112075933
6486,17.4996112075933
6487,17.475680524734468
6488,17.4996112075933
6489,17.475680524734468
6490,17.460211618636492
6491,17.447673719480324
6492,17.4996112075933
6493,17.44767371948032
6494,17.476247792596634
6495,17.4996112075933
6496,17.4996112075933
6497,17.4446311235197
6498,17.4996112075933
6499,17.4996112075933
6500,17.377576433322762
6501,17.4996112075933
6502,17.4996112075933
6503,17.4996112075933
6504,17.4996112075933
6505,17.46229572214775
6506,17.4996112075933
6507,17.4996112075933
6508,17.4996112075933
6509,17.4996112075933
6510,17.462295722147747
6511,17.4996112075933
6512,17.4996112075933
6513,17.4996112075933
6514,17.4996112075933
6515,17.4996112075933
6516,17.4996112075933
6517,17.4996112075933
6518,17.47624779259663
6519,17.476247792596634
6520,17.45897676434944
6521,17.4996112075933
6522,17.476247792596634
6523,17.4996112075933
6524,17.4996112075933
6525,17.4996112075933
6526,17.44780988304227
6527,17.4996112075933
6528,17.44767371948032
6529,17.4836560174258
6530,17.4996112075933
6531,17.4996112075933
6532,17.431968553372897
6533,17.45897676434944
6534,17.475680524734468
6535,17.475680524734468
6536,17.4996112075933
6537,17.4996112075933
6538,17.4996112075933
6539,17.4836560174258
6540,17.438705129892178
6541,17.4996112075933
6542,17.502968146468934
6543,17.47624779259663
6544,17.4836560174258
6545,17.4996112075933
6546,17.4996112075933
6547,17.45897676434944
6548,17.305610178787838
6549,17.39674420086026
6550,17.502968146468934
6551,17.4996112075933
6552,17.434707884356513
6553,17.39674420086027
6554,17.4996112075933
6555,17.462295722147747
6556,17.4446311235197
6557,17.4996112075933
6558,17.44247456079117
6559,17.462295722147747
6560,17.364672259714364
6561,17.462295722147744
6562,17.4996112075933
6563,17.475680524734468
6564,17.502968146468934
6565,17.4996112075933
6566,17.45897676434944
6567,17.502968146468934
6568,17.4446311235197
6569,17.475680524734468
6570,17.4996112075933
6571,17.502968146468934
6572,17.4996112075933
6573,17.475680524734468
6574,17.4996112075933
6575,17.45897676434944
6576,17.4996112075933
6577,17.4836560174258
6578,17.45897676434944
6579,17.476247792596627
6580,17.4996112075933
6581,17.475680524734468
6582,17.39002127694724
6583,17.499611207593308
6584,17.44780988304228
6585,17.475680524734475
6586,17.499611207593308
6587,17.499611207593308
6588,17.50296814646894
6589,17.499611207593308
6590,17.499611207593308
6591,17.499611207593308
6592,17.475680524734468
6593,17.499611207593308
6594,17.499611207593308
6595,17.499611207593308
6596,17.447809883042286
6597,17.475680524734475
6598,17.44780988304228
6599,17.499611207593308
6600,17.499611207593308
6601,17.499611207593308
6602,17.499611207593308
6603,17.444631123519702
6604,17.4996112075933
6605,17.413270731990828
6606,17.4996112075933
6607,17.43870512989219
6608,17.4996112075933
6609,17.475680524734468
6610,17.499611207593308
6611,17.475680524734468
6612,17.46229572214775
6613,17.4996112075933
6614,17.483656017425808
6615,17.4446311235197
6616,17.46229572214775
6617,17.4996112075933
6618,17.4446311235197
6619,17.47568052473447
6620,17.362477644188413
6621,17.449331338247763
6622,17.4996112075933
6623,17.431968553372897
6624,17.4319685533729
6625,17.499611207593308
6626,17.402132393267863
6627,17.342066501775946
6628,17.420417183593706
6629,17.431968553372904
6630,17.267724691147425
6631,17.4996112075933
6632,17.475680524734468
6633,17.382969314469385
6634,17.499611207593308
6635,17.475680524734468
6636,17.434707884356513
6637,17.499611207593308
6638,17.43016181648498
6639,17.499611207593304
6640,17.499611207593308
6641,17.402132393267863
6642,17.499611207593308
6643,17.475680524734468
6644,17.499611207593308
6645,17.499611207593308
6646,17.499611207593308
6647,17.475680524734475
6648,17.499611207593308
6649,17.434707884356513
6650,17.499611207593308
6651,17.499611207593308
6652,17.499611207593308
6653,17.499611207593308
6654,17.499611207593308
6655,17.499611207593308
6656,17.434707884356516
6657,17.499611207593308
6658,17.499611207593308
6659,17.475680524734468
6660,17.499611207593308
6661,17.499611207593308
6662,17.499611207593308
6663,17.499611207593308
6664,17.46229572214775
6665,17.499611207593308
6666,17.499611207593308
6667,17.382969314469385
6668,17.499611207593308
6669,17.499611207593308
6670,17.499611207593308
6671,17.352543158555363
6672,17.45376465621885
6673,17.45376465621885
6674,17.45376465621885
6675,17.483656017425808
6676,17.444631123519702
6677,17.499611207593308
6678,17.499611207593308
6679,17.499611207593308
6680,17.458976764349448
6681,17.499611207593308
6682,17.499611207593308
6683,17.483656017425808
6684,17.4446311235197
6685,17.499611207593308
6686,17.4446311235197
6687,17.499611207593308
6688,17.4996112075933
6689,17.447809883042282
6690,17.4446311235197
6691,17.47555045027258
6692,17.4996112075933
6693,17.373208410117403
6694,17.460211618636492
6695,17.352543158555356
6696,17.483656017425798
6697,17.26484928270864
6698,17.462295722147747
6699,17.37320841011741
6700,17.444631123519702
6701,17.483656017425798
6702,17.43477938109131
6703,17.483656017425798
6704,17.483656017425798
6705,17.483656017425798
6706,17.391002249959598
6707,17.483656017425798
6708,17.4836560174258
6709,17.483656017425798
6710,17.4446311235197
6711,17.45376465621885
6712,17.43470788435651
6713,17.483656017425798
6714,17.415803092718146
6715,17.462295722147747
6716,17.483656017425798
6717,17.325753904397356
6718,17.483656017425798
6719,17.4446311235197
6720,17.415803092718146
6721,17.483656017425798
6722,17.4836560174258
6723,17.39100224995959
6724,17.43470788435651
6725,17.45376465621885
6726,17.400774809197475
6727,17.483656017425798
6728,17.45376465621885
6729,17.483656017425798
6730,17.45376465621885
6731,17.483656017425798
6732,17.4446311235197
6733,17.45376465621885
6734,17.483656017425798
6735,17.45376465621885
6736,17.45376465621885
6737,17.45376465621885
6738,17.434707884356513
6739,17.499611207593308
6740,17.499611207593308
6741,17.499611207593308
6742,17.499611207593308
6743,17.499611207593308
6744,17.499611207593308
6745,17.499611207593308
6746,17.499611207593308
6747,17.447809883042286
6748,17.499611207593308
6749,17.499611207593308
6750,17.46229572214775
6751,17.46229572214775
6752,17.400774809197483
6753,17.499611207593308
6754,17.402132393267866
6755,17.499611207593308
6756,17.499611207593308
6757,17.499611207593308
6758,17.499611207593308
6759,17.499611207593308
6760,17.499611207593308
6761,17.47568052473447
6762,17.499611207593308
6763,17.47568052473447
6764,17.499611207593308
6765,17.499611207593308
6766,17.499611207593308
6767,17.447809883042282
6768,17.499611207593308
6769,17.499611207593308
6770,17.499611207593308
6771,17.44934209570876
6772,17.444631123519702
6773,17.499611207593308
6774,17.444631123519706
6775,17.431968553372908
6776,17.499611207593308
6777,17.499611207593308
6778,17.499611207593308
6779,17.499611207593308
6780,17.47568052473447
6781,17.499611207593308
6782,17.499611207593308
6783,17.499611207593304
6784,17.499611207593308
6785,17.43870512989218
6786,17.499611207593308
6787,17.499611207593308
6788,17.499611207593308
6789,17.499611207593308
6790,17.499611207593308
6791,17.41954652023606
6792,17.447809883042275
6793,17.499611207593308
6794,17.499611207593308
6795,17.434707884356513
6796,17.499611207593308
6797,17.499611207593304
6798,17.499611207593308
6799,17.43196855337291
6800,17.447809883042282
6801,17.434707884356513
6802,17.499611207593308
6803,17.483656017425808
6804,17.38727662717915
6805,17.499611207593308
6806,17.4996112075933
6807,17.499611207593308
6808,17.499611207593308
6809,17.499611207593308
6810,17.499611207593308
6811,17.499611207593308
6812,17.499611207593297
6813,17.499611207593304
6814,17.499611207593308
6815,17.447809883042282
6816,17.499611207593308
6817,17.499611207593304
6818,17.499611207593308
6819,17.499611207593308
6820,17.499611207593308
6821,17.499611207593308
6822,17.499611207593308
6823,17.499611207593308
6824,17.499611207593308
6825,17.44780988304228
6826,17.499611207593308
6827,17.4996112075933
6828,17.46229572214775
6829,17.499611207593308
6830,17.499611207593308
6831,17.499611207593308
6832,17.499611207593308
6833,17.499611207593308
6834,17.499611207593308
6835,17.499611207593308
6836,17.499611207593308
6837,17.499611207593308
6838,17.499611207593308
6839,17.434707884356516
6840,17.499611207593308
6841,17.409339213254768
6842,17.499611207593308
6843,17.499611207593308
6844,17.4446311235197
6845,17.44463112351971
6846,17.499611207593304
6847,17.499611207593308
6848,17.447809883042286
6849,17.462295722147744
6850,17.499611207593308
6851,17.499611207593308
6852,17.499611207593308
6853,17.499611207593308
6854,17.499611207593308
6855,17.4996112075933
6856,17.499611207593308
6857,17.434707884356516
6858,17.499611207593308
6859,17.499611207593308
6860,17.499611207593308
6861,17.499611207593308
6862,17.499611207593304
6863,17.447809883042282
6864,17.402132393267863
6865,17.413270731990828
6866,17.476247792596634
6867,17.218223723773377
6868,17.383014092278252
6869,17.41327073199082
6870,17.494711486336534
6871,17.44247456079116
6872,17.399450145203268
6873,17.460211618636496
6874,17.499611207593308
6875,17.458976764349437
6876,17.475680524734468
6877,17.416255437686008
6878,17.499611207593308
6879,17.499611207593297
6880,17.370447024327746
6881,17.458976764349437
6882,17.499611207593297
6883,17.41954652023605
6884,17.46229572214775
6885,17.475680524734464
6886,17.499611207593308
6887,17.431968553372897
6888,17.499611207593297
6889,17.475680524734468
6890,17.499611207593297
6891,17.499611207593308
6892,17.499611207593308
6893,17.483656017425808
6894,17.499611207593308
6895,17.499611207593308
6896,17.499611207593308
6897,17.46229572214775
6898,17.499611207593308
6899,17.499611207593308
6900,17.499611207593308
6901,17.499611207593308
6902,17.499611207593308
6903,17.499611207593308
6904,17.499611207593308
6905,17.499611207593308
6906,17.499611207593308
6907,17.499611207593308
6908,17.499611207593308
6909,17.499611207593308
6910,17.447809883042286
6911,17.444631123519706
6912,17.499611207593308
6913,17.499611207593308
6914,17.499611207593308
6915,17.499611207593308
6916,17.499611207593308
6917,17.499611207593308
6918,17.434707884356516
6919,17.499611207593308
6920,17.32864734569841
6921,17.499611207593308
6922,17.47568052473447
6923,17.499611207593308
6924,17.499611207593308
6925,17.499611207593308
6926,17.499611207593308
6927,17.499611207593308
6928,17.499611207593308
6929,17.499611207593308
6930,17.499611207593308
6931,17.499611207593308
6932,17.444631123519706
6933,17.50296814646894
6934,17.362477644188417
6935,17.499611207593308
6936,17.499611207593308
6937,17.499611207593308
6938,17.475680524734468
6939,17.499611207593308
6940,17.50296814646894
6941,17.499611207593308
6942,17.499611207593308
6943,17.188078054546313
6944,17.499611207593308
6945,17.499611207593308
6946,17.499611207593308
6947,17.499611207593308
6948,17.499611207593308
6949,17.499611207593308
6950,17.499611207593308
6951,17.499611207593308
6952,17.499611207593308
6953,17.483656017425808
6954,17.458976764349448
6955,17.499611207593308
6956,17.499611207593308
6957,17.499611207593308
6958,17.499611207593308
6959,17.499611207593308
6960,17.499611207593308
6961,17.50296814646894
6962,17.33129363807485
6963,17.499611207593308
6964,17.499611207593308
6965,17.483656017425808
6966,17.499611207593308
6967,17.499611207593308
6968,17.458976764349448
6969,17.499611207593308
6970,17.462295722147747
6971,17.50296814646894
6972,17.46229572214775
6973,17.499611207593308
6974,17.499611207593308
6975,17.444631123519702
6976,17.447809883042282
6977,17.458976764349444
6978,17.46229572214775
6979,17.499611207593308
6980,17.400774809197472
6981,17.499611207593297
6982,17.499611207593308
6983,17.377576433322755
6984,17.458976764349444
6985,17.37847034244053
6986,17.400774809197472
6987,17.499611207593308
6988,17.499611207593308
6989,17.499611207593308
6990,17.499611207593308
6991,17.499611207593308
6992,17.499611207593308
6993,17.499611207593308
6994,17.499611207593308
6995,17.499611207593308
6996,17.499611207593308
6997,17.499611207593308
6998,17.458976764349444
6999,17.499611207593308
7000,17.47568052473447
7001,17.499611207593308
7002,17.499611207593308
7003,17.499611207593308
7004,17.499611207593308
7005,17.499611207593308
7006,17.4996112075933
7007,17.499611207593308
7008,17.499611207593308
7009,17.499611207593297
7010,17.43016181648498
7011,17.483656017425808
7012,17.499611207593297
7013,17.499611207593308
7014,17.458976764349437
7015,17.499611207593297
7016,17.434707884356513
7017,17.460211618636492
7018,17.434707884356513
7019,17.499611207593297
7020,17.39100224995959
7021,17.499611207593308
7022,17.476247792596634
7023,17.499611207593308
7024,17.499611207593308
7025,17.499611207593308
7026,17.499611207593308
7027,17.499611207593308
7028,17.499611207593308
7029,17.499611207593308
7030,17.458976764349448
7031,17.499611207593308
7032,17.499611207593304
7033,17.499611207593308
7034,17.475680524734468
7035,17.499611207593308
7036,17.499611207593308
7037,17.449342095708747
7038,17.499611207593308
7039,17.47568052473447
7040,17.499611207593308
7041,17.3390487575986
7042,17.413270731990824
7043,17.447673719480317
7044,17.499611207593308
7045,17.499611207593308
7046,17.499611207593308
7047,17.499611207593308
7048,17.499611207593304
7049,17.499611207593308
7050,17.499611207593304
7051,17.499611207593308
7052,17.447809883042282
7053,17.499611207593308
7054,17.499611207593308
7055,17.499611207593308
7056,17.499611207593308
7057,17.499611207593308
7058,17.434707884356516
7059,17.499611207593304
7060,17.499611207593308
7061,17.412099286575277
7062,17.499611207593308
7063,17.4446311235197
7064,17.499611207593308
7065,17.499611207593308
7066,17.499611207593308
7067,17.499611207593308
7068,17.499611207593308
7069,17.499611207593308
7070,17.444631123519702
7071,17.499611207593308
7072,17.499611207593304
7073,17.499611207593308
7074,17.499611207593308
7075,17.458976764349448
7076,17.499611207593308
7077,17.458976764349448
7078,17.499611207593308
7079,17.499611207593308
7080,17.499611207593304
7081,17.44463112351971
7082,17.499611207593308
7083,17.499611207593308
7084,17.499611207593308
7085,17.499611207593308
7086,17.4996112075933
7087,17.458976764349444
7088,17.499611207593308
7089,17.458976764349444
7090,17.499611207593308
7091,17.499611207593308
7092,17.499611207593308
7093,17.447673719480324
7094,17.499611207593308
7095,17.499611207593308
7096,17.499611207593308
7097,17.499611207593308
7098,17.499611207593308
7099,17.499611207593308
7100,17.499611207593297
7101,17.499611207593308
7102,17.499611207593308
7103,17.45897676434944
7104,17.499611207593308
7105,17.499611207593308
7106,17.499611207593308
7107,17.434707884356513
7108,17.499611207593308
7109,17.462295722147744
7110,17.447809883042275
7111,17.499611207593308
7112,17.499611207593304
7113,17.499611207593308
7114,17.499611207593308
7115,17.462295722147744
7116,17.499611207593308
7117,17.499611207593308
7118,17.499611207593308
7119,17.499611207593308
7120,17.499611207593308
7121,17.499611207593308
7122,17.499611207593308
7123,17.499611207593308
7124,17.499611207593308
7125,17.499611207593308
7126,17.447809883042282
7127,17.499611207593308
7128,17.499611207593308
7129,17.434707884356513
7130,17.475680524734468
7131,17.47568052473447
7132,17.447809883042282
7133,17.499611207593308
7134,17.499611207593308
7135,17.458976764349448
7136,17.499611207593308
7137,17.499611207593308
7138,17.449342095708758
7139,17.499611207593308
7140,17.499611207593297
7141,17.499611207593308
7142,17.40040949463922
7143,17.499611207593308
7144,17.419546520236057
7145,17.499611207593308
7146,17.499611207593308
7147,17.499611207593297
7148,17.444631123519706
7149,17.499611207593308
7150,17.483656017425808
7151,17.499611207593308
7152,17.499611207593308
7153,17.458976764349444
7154,17.499611207593308
7155,17.499611207593308
7156,17.499611207593308
7157,17.499611207593308
7158,17.499611207593308
7159,17.499611207593308
7160,17.499611207593308
7161,17.499611207593308
7162,17.499611207593308
7163,17.483656017425808
7164,17.499611207593308
7165,17.499611207593308
7166,17.483656017425808
7167,17.499611207593308
7168,17.499611207593308
7169,17.483656017425808
7170,17.47624779259663
7171,17.434707884356513
7172,17.50296814646894
7173,17.46229572214775
7174,17.499611207593308
7175,17.475680524734475
7176,17.499611207593308
7177,17.499611207593304
7178,17.499611207593308
7179,17.4446311235197
7180,17.499611207593308
7181,17.499611207593308
7182,17.499611207593308
7183,17.400774809197475
7184,17.413270731990828
7185,17.499611207593308
7186,17.499611207593308
7187,17.499611207593308
7188,17.499611207593308
7189,17.46229572214775
7190,17.499611207593308
7191,17.416255437686004
7192,17.4446311235197
7193,17.4996112075933
7194,17.499611207593308
7195,17.499611207593297
7196,17.460211618636496
7197,17.4446311235197
7198,17.499611207593297
7199,17.4996112075933
7200,17.476247792596627
7201,17.475680524734464
7202,17.3286473456984
7203,17.499611207593308
7204,17.499611207593308
7205,17.499611207593308
7206,17.499611207593308
7207,17.499611207593308
7208,17.458976764349448
7209,17.40933921325476
7210,17.40933921325476
7211,17.499611207593308
7212,17.46229572214775
7213,17.499611207593308
7214,17.39100224995959
7215,17.499611207593308
7216,17.499611207593308
7217,17.499611207593308
7218,17.499611207593308
7219,17.483656017425808
7220,17.447809883042282
7221,17.499611207593308
7222,17.499611207593308
7223,17.499611207593308
7224,17.499611207593308
7225,17.499611207593308
7226,17.39100224995959
7227,17.499611207593308
7228,17.499611207593308
7229,17.483656017425808
7230,17.499611207593308
7231,17.499611207593308
7232,17.43477938109131
7233,17.434779381091303
7234,17.45376465621885
7235,17.499611207593304
7236,17.434707884356513
7237,17.483656017425808
7238,17.499611207593308
7239,17.499611207593308
7240,17.499611207593308
7241,17.499611207593304
7242,17.499611207593308
7243,17.499611207593308
7244,17.499611207593308
7245,17.447809883042282
7246,17.499611207593308
7247,17.47568052473447
7248,17.499611207593308
7249,17.499611207593308
7250,17.447809883042286
7251,17.499611207593308
7252,17.499611207593308
7253,17.499611207593308
7254,17.434707884356513
7255,17.499611207593308
7256,17.47568052473446
7257,17.434707884356513
7258,17.434707884356513
7259,17.387276627179155
7260,17.499611207593308
7261,17.499611207593308
7262,17.499611207593308
7263,17.499611207593308
7264,17.4446311235197
7265,17.475680524734464
7266,17.4996112075933
7267,17.431968553372897
7268,17.499611207593308
7269,17.413270731990824
7270,17.402132393267856
7271,17.39100224995959
7272,17.47624779259663
7273,17.409339213254764
7274,17.444631123519702
7275,17.475680524734464
7276,17.44463112351971
7277,17.458976764349448
7278,17.499611207593308
7279,17.4996112075933
7280,17.499611207593308
7281,17.458976764349444
7282,17.499611207593308
7283,17.499611207593308
7284,17.483656017425808
7285,17.499611207593308
7286,17.499611207593308
7287,17.499611207593308
7288,17.499611207593308
7289,17.499611207593308
7290,17.499611207593308
7291,17.499611207593308
7292,17.46229572214775
7293,17.499611207593308
7294,17.499611207593308
7295,17.499611207593308
7296,17.499611207593304
7297,17.50296814646894
7298,17.4446311235197
7299,17.499611207593308
7300,17.499611207593308
7301,17.499611207593308
7302,17.47568052473447
7303,17.499611207593308
7304,17.499611207593308
7305,17.499611207593308
7306,17.434707884356513
7307,17.499611207593308
7308,17.434707884356513
7309,17.50296814646894
7310,17.46229572214775
7311,17.462295722147747
7312,17.499611207593308
7313,17.499611207593304
7314,17.499611207593308
7315,17.499611207593308
7316,17.499611207593308
7317,17.499611207593308
7318,17.499611207593308
7319,17.499611207593308
7320,17.499611207593308
7321,17.499611207593308
7322,17.499611207593308
7323,17.483656017425808
7324,17.499611207593308
7325,17.499611207593308
7326,17.434707884356516
7327,17.499611207593308
7328,17.483656017425808
7329,17.40933921325477
7330,17.458976764349444
7331,17.458976764349444
7332,17.434707884356513
7333,17.413270731990828
7334,17.499611207593308
7335,17.444631123519702
7336,17.499611207593308
7337,17.499611207593308
7338,17.373520294116247
7339,17.499611207593308
7340,17.494711486336527
7341,17.409339213254764
7342,17.458976764349448
7343,17.413270731990828
7344,17.46229572214775
7345,17.475680524734475
7346,17.483656017425808
7347,17.499611207593308
7348,17.499611207593308
7349,17.499611207593308
7350,17.499611207593308
7351,17.499611207593297
7352,17.499611207593297
7353,17.458976764349444
7354,17.499611207593297
7355,17.499611207593308
7356,17.475680524734468
7357,17.499611207593308
7358,17.499611207593297
7359,17.499611207593308
7360,17.499611207593308
7361,17.499611207593297
7362,17.499611207593308
7363,17.499611207593308
7364,17.47624779259663
7365,17.499611207593308
7366,17.434707884356513
7367,17.499611207593308
7368,17.499611207593308
7369,17.499611207593308
7370,17.499611207593308
7371,17.499611207593308
7372,17.499611207593308
7373,17.499611207593308
7374,17.499611207593308
7375,17.46229572214775
7376,17.499611207593308
7377,17.499611207593308
7378,17.499611207593308
7379,17.458976764349448
7380,17.499611207593308
7381,17.499611207593308
7382,17.447809883042282
7383,17.499611207593308
7384,17.499611207593308
7385,17.462295722147747
7386,17.499611207593308
7387,17.46229572214775
7388,17.499611207593308
7389,17.499611207593308
7390,17.499611207593308
7391,17.458976764349448
7392,17.499611207593308
7393,17.499611207593308
7394,17.483656017425808
7395,17.46229572214775
7396,17.499611207593308
7397,17.462295722147747
7398,17.50296814646894
7399,17.499611207593308
7400,17.46229572214775
7401,17.381503897809672
7402,17.499611207593308
7403,17.434707884356516
7404,17.460211618636496
7405,17.475680524734468
7406,17.499611207593308
7407,17.499611207593308
7408,17.499611207593308
7409,17.434707884356516
7410,17.40213239326787
7411,17.499611207593308
7412,17.499611207593308
7413,17.499611207593308
7414,17.373520294116247
7415,17.499611207593308
7416,17.499611207593308
7417,17.499611207593308
7418,17.499611207593308
7419,17.499611207593308
7420,17.499611207593308
7421,17.499611207593308
7422,17.499611207593308
7423,17.475680524734464
7424,17.499611207593308
7425,17.499611207593308
7426,17.499611207593297
7427,17.499611207593308
7428,17.499611207593308
7429,17.499611207593304
7430,17.499611207593308
7431,17.458976764349437
7432,17.499611207593308
7433,17.499611207593308
7434,17.44463112351971
7435,17.499611207593308
7436,17.499611207593308
7437,17.38150389780967
7438,17.499611207593308
7439,17.499611207593308
7440,17.499611207593308
7441,17.362477644188417
7442,17.499611207593308
7443,17.499611207593304
7444,17.458976764349444
7445,17.499611207593308
7446,17.499611207593308
7447,17.475680524734468
7448,17.499611207593304
7449,17.499611207593308
7450,17.499611207593308
7451,17.3910022499596
7452,17.499611207593308
7453,17.499611207593308
7454,17.499611207593308
7455,17.420417183593703
7456,17.499611207593308
7457,17.499611207593308
7458,17.499611207593297
7459,17.499611207593308
7460,17.499611207593308
7461,17.499611207593308
7462,17.499611207593308
7463,17.499611207593308
7464,17.499611207593308
7465,17.499611207593308
7466,17.499611207593308
7467,17.499611207593308
7468,17.499611207593308
7469,17.434707884356513
7470,17.499611207593308
7471,17.499611207593308
7472,17.499611207593308
7473,17.362477644188417
7474,17.499611207593308
7475,17.499611207593308
7476,17.499611207593308
7477,17.499611207593308
7478,17.458976764349444
7479,17.434707884356516
7480,17.499611207593308
7481,17.499611207593308
7482,17.499611207593308
7483,17.499611207593308
7484,17.499611207593308
7485,17.499611207593304
7486,17.499611207593308
7487,17.499611207593308
7488,17.499611207593308
7489,17.499611207593308
7490,17.499611207593308
7491,17.499611207593308
7492,17.499611207593308
7493,17.46229572214775
7494,17.447809883042282
7495,17.458976764349444
7496,17.499611207593308
7497,17.44463112351971
7498,17.499611207593308
7499,17.499611207593308
7500,17.458976764349444
7501,17.499611207593308
7502,17.499611207593308
7503,17.499611207593308
7504,17.499611207593308
7505,17.499611207593308
7506,17.499611207593308
7507,17.499611207593308
7508,17.499611207593308
7509,17.444631123519706
7510,17.47568052473447
7511,17.475680524734475
7512,17.46229572214775
7513,17.499611207593308
7514,17.47568052473447
7515,17.499611207593308
7516,17.499611207593308
7517,17.416255437686004
7518,17.434707884356513
7519,17.434707884356513
7520,17.499611207593308
7521,17.499611207593308
7522,17.499611207593308
7523,17.499611207593308
7524,17.499611207593308
7525,17.499611207593308
7526,17.499611207593308
7527,17.46229572214775
7528,17.447809883042282
7529,17.499611207593308
7530,17.47568052473447
7531,17.499611207593308
7532,17.40933921325476
7533,17.383014092278245
7534,17.499611207593308
7535,17.499611207593308
7536,17.499611207593308
7537,17.409339213254764
7538,17.499611207593308
7539,17.499611207593308
7540,17.41954652023606
7541,17.499611207593308
7542,17.499611207593308
7543,17.499611207593308
7544,17.444631123519706
7545,17.499611207593308
7546,17.46229572214775
7547,17.499611207593308
7548,17.499611207593308
7549,17.499611207593308
7550,17.44780988304228
7551,17.499611207593308
7552,17.499611207593308
7553,17.44780988304228
7554,17.499611207593308
7555,17.499611207593308
7556,17.462295722147744
7557,17.499611207593308
7558,17.499611207593308
7559,17.499611207593308
7560,17.499611207593308
7561,17.499611207593308
7562,17.4446311235197
7563,17.499611207593308
7564,17.499611207593308
7565,17.499611207593308
7566,17.499611207593308
7567,17.499611207593308
7568,17.447673719480328
7569,17.499611207593308
7570,17.499611207593308
7571,17.483656017425808
7572,17.447809883042286
7573,17.499611207593308
7574,17.499611207593308
7575,17.499611207593308
7576,17.458976764349444
7577,17.499611207593308
7578,17.499611207593308
7579,17.46229572214775
7580,17.499611207593304
7581,17.499611207593308
7582,17.499611207593308
7583,17.499611207593304
7584,17.499611207593308
7585,17.499611207593308
7586,17.499611207593308
7587,17.447809883042282
7588,17.40213239326787
7589,17.499611207593308
7590,17.499611207593308
7591,17.499611207593308
7592,17.475680524734475
7593,17.499611207593308
7594,17.499611207593308
7595,17.39100224995959
7596,17.447809883042282
7597,17.47568052473447
7598,17.434707884356516
7599,17.499611207593308
7600,17.499611207593308
7601,17.499611207593308
7602,17.499611207593308
7603,17.499611207593297
7604,17.499611207593308
7605,17.43870512989218
7606,17.499611207593308
7607,17.499611207593308
7608,17.499611207593308
7609,17.499611207593308
7610,17.499611207593308
7611,17.46229572214775
7612,17.499611207593308
7613,17.499611207593308
7614,17.499611207593308
7615,17.431968553372908
7616,17.431968553372904
7617,17.499611207593308
7618,17.499611207593308
7619,17.499611207593308
7620,17.434707884356513
7621,17.434707884356513
7622,17.458976764349448
7623,17.402132393267866
7624,17.499611207593308
7625,17.499611207593308
7626,17.499611207593304
7627,17.499611207593308
7628,17.499611207593308
7629,17.46229572214775
7630,17.499611207593308
7631,17.483656017425808
7632,17.499611207593308
7633,17.499611207593308
7634,17.499611207593308
7635,17.499611207593308
7636,17.499611207593308
7637,17.499611207593308
7638,17.499611207593308
7639,17.434707884356513
7640,17.499611207593308
7641,17.4319685533729
7642,17.499611207593308
7643,17.499611207593308
7644,17.4446311235197
7645,17.499611207593308
7646,17.462295722147744
7647,17.499611207593308
7648,17.499611207593308
7649,17.499611207593308
7650,17.499611207593308
7651,17.499611207593308
7652,17.47568052473447
7653,17.447809883042286
7654,17.499611207593308
7655,17.46229572214775
7656,17.499611207593308
7657,17.499611207593297
7658,17.499611207593308
7659,17.449342095708758
7660,17.499611207593308
7661,17.499611207593308
7662,17.499611207593308
7663,17.499611207593308
7664,17.420417183593713
7665,17.499611207593308
7666,17.47568052473447
7667,17.499611207593308
7668,17.499611207593308
7669,17.499611207593308
7670,17.499611207593304
7671,17.499611207593308
7672,17.499611207593308
7673,17.499611207593308
7674,17.499611207593308
7675,17.499611207593304
7676,17.483656017425808
7677,17.499611207593308
7678,17.499611207593304
7679,17.499611207593308
7680,17.499611207593308
7681,17.499611207593308
7682,17.499611207593308
7683,17.462295722147747
7684,17.483656017425808
7685,17.434707884356516
7686,17.40933921325476
7687,17.483656017425808
7688,17.499611207593308
7689,17.400774809197472
7690,17.499611207593308
7691,17.499611207593308
7692,17.499611207593308
7693,17.499611207593304
7694,17.499611207593308
7695,17.499611207593308
7696,17.499611207593304
7697,17.499611207593308
7698,17.434707884356513
7699,17.499611207593308
7700,17.420417183593713
7701,17.4996112075933
7702,17.499611207593308
7703,17.499611207593308
7704,17.499611207593308
7705,17.499611207593308
7706,17.499611207593308
7707,17.499611207593308
7708,17.499611207593308
7709,17.499611207593308
7710,17.499611207593308
7711,17.499611207593308
7712,17.499611207593308
7713,17.499611207593308
7714,17.458976764349448
7715,17.499611207593308
7716,17.499611207593308
7717,17.499611207593308
7718,17.499611207593308
7719,17.499611207593308
7720,17.499611207593308
7721,17.444631123519702
7722,17.50296814646894
7723,17.499611207593308
7724,17.499611207593308
7725,17.499611207593308
7726,17.499611207593308
7727,17.499611207593308
7728,17.499611207593308
7729,17.499611207593308
7730,17.499611207593308
7731,17.4996112075933
7732,17.483656017425808
7733,17.50296814646894
7734,17.475680524734468
7735,17.483656017425808
7736,17.499611207593308
7737,17.499611207593308
7738,17.447809883042275
7739,17.499611207593308
7740,17.370447024327753
7741,17.46229572214775
7742,17.499611207593308
7743,17.499611207593308
7744,17.499611207593308
7745,17.499611207593308
7746,17.499611207593308
7747,17.499611207593308
7748,17.499611207593308
7749,17.47568052473447
7750,17.499611207593308
7751,17.499611207593308
7752,17.434707884356513
7753,17.499611207593308
7754,17.499611207593308
7755,17.458976764349444
7756,17.499611207593308
7757,17.499611207593308
7758,17.499611207593304
7759,17.447809883042275
7760,17.499611207593304
7761,17.447809883042286
7762,17.462295722147747
7763,17.499611207593304
7764,17.499611207593308
7765,17.499611207593308
7766,17.499611207593308
7767,17.483656017425808
7768,17.499611207593308
7769,17.499611207593308
7770,17.499611207593308
7771,17.458976764349444
7772,17.499611207593308
7773,17.499611207593308
7774,17.483656017425808
7775,17.434707884356513
7776,17.447809883042286
7777,17.47568052473447
7778,17.458976764349444
7779,17.499611207593304
7780,17.499611207593308
7781,17.499611207593308
7782,17.499611207593308
7783,17.499611207593308
7784,17.499611207593304
7785,17.499611207593308
7786,17.447809883042282
7787,17.499611207593308
7788,17.499611207593308
7789,17.499611207593308
7790,17.499611207593304
7791,17.499611207593308
7792,17.499611207593308
7793,17.419546520236057
7794,17.499611207593308
7795,17.499611207593308
7796,17.499611207593304
7797,17.499611207593308
7798,17.499611207593308
7799,17.499611207593308
7800,17.499611207593308
7801,17.499611207593304
7802,17.499611207593308
7803,17.444631123519702
7804,17.499611207593308
7805,17.47568052473447
7806,17.499611207593308
7807,17.499611207593308
7808,17.499611207593308
7809,17.46229572214775
7810,17.483656017425808
7811,17.419546520236057
7812,17.499611207593308
7813,17.499611207593308
7814,17.44780988304228
7815,17.499611207593304
7816,17.483656017425808
7817,17.499611207593308
7818,17.499611207593308
7819,17.499611207593308
7820,17.499611207593308
7821,17.499611207593308
7822,17.499611207593308
7823,17.499611207593308
7824,17.499611207593308
7825,17.444631123519702
7826,17.499611207593308
7827,17.434707884356516
7828,17.499611207593308
7829,17.499611207593304
7830,17.499611207593308
7831,17.46229572214775
7832,17.499611207593308
7833,17.499611207593308
7834,17.499611207593304
7835,17.499611207593308
7836,17.499611207593308
7837,17.462295722147744
7838,17.499611207593308
7839,17.499611207593308
7840,17.444631123519706
7841,17.499611207593308
7842,17.46229572214775
7843,17.499611207593308
7844,17.483656017425808
7845,17.499611207593308
7846,17.499611207593308
7847,17.499611207593308
7848,17.499611207593304
7849,17.499611207593308
7850,17.499611207593308
7851,17.499611207593308
7852,17.499611207593308
7853,17.499611207593308
7854,17.499611207593308
7855,17.499611207593308
7856,17.499611207593308
7857,17.483656017425808
7858,17.499611207593308
7859,17.499611207593308
7860,17.483656017425808
7861,17.499611207593308
7862,17.499611207593308
7863,17.499611207593308
7864,17.483656017425808
7865,17.47568052473447
7866,17.499611207593304
7867,17.447809883042286
7868,17.499611207593308
7869,17.499611207593308
7870,17.499611207593308
7871,17.413270731990824
7872,17.499611207593308
7873,17.499611207593308
7874,17.475680524734468
7875,17.499611207593304
7876,17.499611207593308
7877,17.499611207593308
7878,17.499611207593308
7879,17.475680524734475
7880,17.499611207593308
7881,17.499611207593308
7882,17.458976764349444
7883,17.499611207593304
7884,17.4446311235197
7885,17.499611207593308
7886,17.499611207593308
7887,17.499611207593308
7888,17.499611207593308
7889,17.499611207593308
7890,17.499611207593304
7891,17.44463112351971
7892,17.499611207593308
7893,17.499611207593308
7894,17.499611207593308
7895,17.499611207593304
7896,17.499611207593308
7897,17.499611207593308
7898,17.458976764349444
7899,17.46229572214775
7900,17.499611207593308
7901,17.458976764349448
7902,17.499611207593308
7903,17.499611207593308
7904,17.499611207593308
7905,17.499611207593308
7906,17.499611207593308
7907,17.499611207593308
7908,17.44463112351971
7909,17.499611207593308
7910,17.434707884356513
7911,17.44780988304228
7912,17.499611207593308
7913,17.499611207593308
7914,17.499611207593308
7915,17.499611207593308
7916,17.499611207593308
7917,17.41954652023606
7918,17.499611207593308
7919,17.499611207593308
7920,17.499611207593308
7921,17.499611207593308
7922,17.447809883042282
7923,17.499611207593308
7924,17.499611207593308
7925,17.499611207593308
7926,17.44780988304228
7927,17.499611207593308
7928,17.46229572214775
7929,17.499611207593308
7930,17.499611207593308
7931,17.499611207593308
7932,17.46229572214775
7933,17.44463112351971
7934,17.499611207593308
7935,17.499611207593308
7936,17.434707884356513
7937,17.462295722147744
7938,17.447809883042282
7939,17.499611207593308
7940,17.499611207593308
7941,17.499611207593308
7942,17.458976764349448
7943,17.499611207593308
7944,17.499611207593308
7945,17.499611207593308
7946,17.499611207593308
7947,17.499611207593308
7948,17.499611207593308
7949,17.499611207593308
7950,17.458976764349448
7951,17.499611207593308
7952,17.499611207593308
7953,17.499611207593308
7954,17.46229572214775
7955,17.499611207593308
7956,17.47568052473447
7957,17.499611207593308
7958,17.499611207593308
7959,17.483656017425808
7960,17.499611207593308
7961,17.499611207593304
7962,17.499611207593308
7963,17.444631123519702
7964,17.44780988304228
7965,17.499611207593308
7966,17.499611207593308
7967,17.499611207593308
7968,17.447809883042282
7969,17.499611207593308
7970,17.47568052473447
7971,17.499611207593308
7972,17.499611207593308
7973,17.499611207593308
7974,17.499611207593308
7975,17.499611207593308
7976,17.499611207593308
7977,17.499611207593308
7978,17.499611207593308
7979,17.499611207593308
7980,17.499611207593308
7981,17.499611207593308
7982,17.499611207593308
7983,17.499611207593308
7984,17.499611207593308
7985,17.483656017425808
7986,17.458976764349444
7987,17.499611207593308
7988,17.499611207593308
7989,17.499611207593308
7990,17.499611207593304
7991,17.499611207593308
7992,17.499611207593308
7993,17.499611207593308
7994,17.499611207593308
7995,17.499611207593308
7996,17.499611207593308
7997,17.499611207593308
7998,17.499611207593308
7999,17.447809883042282
8000,17.499611207593308
8001,17.499611207593308
8002,17.499611207593308
8003,17.499611207593308
8004,17.483656017425808
8005,17.434707884356516
8006,17.499611207593308
8007,17.499611207593308
8008,17.499611207593308
8009,17.40933921325476
8010,17.44463112351971
8011,17.499611207593308
8012,17.499611207593308
8013,17.458976764349448
8014,17.499611207593308
8015,17.499611207593308
8016,17.483656017425808
8017,17.499611207593308
8018,17.475680524734468
8019,17.483656017425808
8020,17.50296814646894
8021,17.444631123519702
8022,17.35093278508842
8023,17.494711486336527
8024,17.499611207593308
8025,17.476247792596634
8026,17.458976764349437
8027,17.46229572214775
8028,17.446920088807914
8029,17.499611207593297
8030,17.499611207593308
8031,17.499611207593308
8032,17.458976764349437
8033,17.499611207593308
8034,17.483656017425808
8035,17.458976764349437
8036,17.499611207593308
8037,17.434707884356513
8038,17.499611207593308
8039,17.499611207593304
8040,17.499611207593308
8041,17.499611207593304
8042,17.499611207593308
8043,17.499611207593308
8044,17.499611207593308
8045,17.44463112351971
8046,17.43870512989218
8047,17.46229572214775
8048,17.434707884356513
8049,17.499611207593308
8050,17.4446311235197
8051,17.499611207593308
8052,17.499611207593308
8053,17.499611207593308
8054,17.499611207593308
8055,17.434707884356516
8056,17.499611207593308
8057,17.46229572214775
8058,17.447809883042282
8059,17.499611207593308
8060,17.499611207593308
8061,17.499611207593308
8062,17.499611207593308
8063,17.499611207593308
8064,17.458976764349448
8065,17.40933921325476
8066,17.434707884356516
8067,17.499611207593308
8068,17.458976764349448
8069,17.444631123519706
8070,17.458976764349448
8071,17.499611207593308
8072,17.499611207593304
8073,17.499611207593308
8074,17.458976764349444
8075,17.499611207593308
8076,17.499611207593308
8077,17.46229572214775
8078,17.458976764349444
8079,17.47568052473447
8080,17.447809883042286
8081,17.499611207593308
8082,17.499611207593308
8083,17.434707884356516
8084,17.499611207593308
8085,17.499611207593308
8086,17.499611207593308
8087,17.499611207593308
8088,17.499611207593308
8089,17.499611207593308
8090,17.40213239326787
8091,17.444631123519702
8092,17.499611207593308
8093,17.499611207593308
8094,17.499611207593308
8095,17.499611207593308
8096,17.499611207593308
8097,17.499611207593308
8098,17.499611207593308
8099,17.499611207593308
8100,17.444631123519702
8101,17.305351891310465
8102,17.499611207593308
8103,17.462295722147744
8104,17.447809883042286
8105,17.444631123519702
8106,17.499611207593308
8107,17.499611207593308
8108,17.444631123519702
8109,17.317346625912293
8110,17.499611207593308
8111,17.499611207593308
8112,17.458976764349444
8113,17.499611207593304
8114,17.499611207593308
8115,17.47568052473447
8116,17.499611207593308
8117,17.499611207593308
8118,17.499611207593308
8119,17.499611207593308
8120,17.499611207593308
8121,17.499611207593308
8122,17.499611207593308
8123,17.447809883042282
8124,17.499611207593308
8125,17.499611207593308
8126,17.499611207593308
8127,17.499611207593308
8128,17.47568052473447
8129,17.44463112351971
8130,17.499611207593308
8131,17.458976764349444
8132,17.499611207593308
8133,17.499611207593308
8134,17.499611207593308
8135,17.499611207593308
8136,17.499611207593308
8137,17.499611207593308
8138,17.50296814646893
8139,17.499611207593308
8140,17.499611207593308
8141,17.499611207593304
8142,17.45376465621885
8143,17.499611207593308
8144,17.499611207593308
8145,17.499611207593308
8146,17.434707884356513
8147,17.499611207593308
8148,17.46229572214775
8149,17.499611207593308
8150,17.434707884356516
8151,17.434707884356513
8152,17.499611207593297
8153,17.499611207593308
8154,17.447809883042282
8155,17.499611207593308
8156,17.499611207593308
8157,17.499611207593308
8158,17.499611207593308
8159,17.499611207593308
8160,17.419546520236057
8161,17.475680524734475
8162,17.499611207593308
8163,17.444631123519706
8164,17.499611207593308
8165,17.460211618636492
8166,17.499611207593308
8167,17.44780988304228
8168,17.499611207593308
8169,17.499611207593308
8170,17.43870512989218
8171,17.499611207593308
8172,17.499611207593308
8173,17.499611207593308
8174,17.434707884356513
8175,17.499611207593304
8176,17.499611207593308
8177,17.499611207593308
8178,17.391002249959595
8179,17.434707884356513
8180,17.499611207593308
8181,17.476247792596638
8182,17.499611207593308
8183,17.499611207593308
8184,17.499611207593308
8185,17.499611207593308
8186,17.434707884356513
8187,17.499611207593308
8188,17.499611207593308
8189,17.499611207593308
8190,17.499611207593308
8191,17.499611207593308
8192,17.499611207593308
8193,17.475680524734475
8194,17.499611207593308
8195,17.434707884356513
8196,17.499611207593308
8197,17.499611207593308
8198,17.499611207593308
8199,17.499611207593308
8200,17.499611207593308
8201,17.4446311235197
8202,17.499611207593308
8203,17.499611207593308
8204,17.499611207593304
8205,17.458976764349444
8206,17.499611207593308
8207,17.499611207593308
8208,17.499611207593308
8209,17.499611207593308
8210,17.499611207593308
8211,17.499611207593308
8212,17.47624779259663
8213,17.434707884356513
8214,17.46229572214775
8215,17.499611207593304
8216,17.499611207593308
8217,17.499611207593308
8218,17.499611207593308
8219,17.499611207593308
8220,17.499611207593308
8221,17.499611207593308
8222,17.430161816484986
8223,17.499611207593308
8224,17.412099286575277
8225,17.499611207593308
8226,17.476247792596634
8227,17.499611207593308
8228,17.499611207593308
8229,17.499611207593308
8230,17.499611207593308
8231,17.499611207593308
8232,17.434707884356516
8233,17.50296814646894
8234,17.499611207593297
8235,17.499611207593308
8236,17.444631123519702
8237,17.431968553372908
8238,17.499611207593308
8239,17.499611207593308
8240,17.4446311235197
8241,17.499611207593308
8242,17.499611207593308
8243,17.499611207593308
8244,17.50296814646894
8245,17.499611207593308
8246,17.499611207593308
8247,17.499611207593308
8248,17.499611207593308
8249,17.483656017425808
8250,17.434707884356513
8251,17.499611207593308
8252,17.499611207593308
8253,17.499611207593308
8254,17.35093278508842
8255,17.499611207593308
8256,17.47568052473447
8257,17.499611207593308
8258,17.434707884356513
8259,17.499611207593308
8260,17.499611207593308
8261,17.499611207593308
8262,17.46229572214775
8263,17.499611207593308
8264,17.483656017425808
8265,17.499611207593308
8266,17.36915196887028
8267,17.50296814646894
8268,17.50296814646894
8269,17.499611207593308
8270,17.499611207593308
8271,17.499611207593308
8272,17.458976764349444
8273,17.413270731990828
8274,17.447809883042275
8275,17.499611207593308
8276,17.475680524734468
8277,17.499611207593308
8278,17.446920088807914
8279,17.499611207593308
8280,17.499611207593308
8281,17.4996112075933
8282,17.434707884356516
8283,17.499611207593308
8284,17.458976764349437
8285,17.47568052473447
8286,17.499611207593297
8287,17.483656017425808
8288,17.444631123519702
8289,17.44780988304227
8290,17.434707884356516
8291,17.458976764349444
8292,17.499611207593308
8293,17.499611207593308
8294,17.447809883042275
8295,17.499611207593308
8296,17.499611207593308
8297,17.499611207593308
8298,17.499611207593308
8299,17.499611207593304
8300,17.499611207593308
8301,17.499611207593304
8302,17.447809883042282
8303,17.499611207593304
8304,17.499611207593304
8305,17.475680524734468
8306,17.502968146468938
8307,17.499611207593308
8308,17.499611207593308
8309,17.499611207593308
8310,17.499611207593308
8311,17.46229572214775
8312,17.434707884356516
8313,17.499611207593308
8314,17.499611207593308
8315,17.499611207593308
8316,17.434707884356513
8317,17.499611207593308
8318,17.458976764349448
8319,17.499611207593308
8320,17.499611207593308
8321,17.499611207593308
8322,17.499611207593304
8323,17.499611207593308
8324,17.483656017425808
8325,17.499611207593308
8326,17.499611207593308
8327,17.499611207593308
8328,17.499611207593308
8329,17.499611207593308
8330,17.4996112075933
8331,17.499611207593308
8332,17.499611207593308
8333,17.499611207593308
8334,17.44780988304228
8335,17.499611207593308
8336,17.47568052473447
8337,17.499611207593308
8338,17.499611207593308
8339,17.499611207593308
8340,17.499611207593308
8341,17.47568052473447
8342,17.499611207593308
8343,17.499611207593308
8344,17.4446311235197
8345,17.377576433322762
8346,17.499611207593308
8347,17.434707884356516
8348,17.434707884356513
8349,17.499611207593308
8350,17.499611207593308
8351,17.499611207593308
8352,17.499611207593308
8353,17.499611207593308
8354,17.499611207593308
8355,17.499611207593308
8356,17.499611207593308
8357,17.499611207593308
8358,17.447809883042282
8359,17.499611207593308
8360,17.499611207593308
8361,17.499611207593308
8362,17.462295722147747
8363,17.499611207593308
8364,17.499611207593308
8365,17.446920088807914
8366,17.499611207593308
8367,17.499611207593308
8368,17.499611207593308
8369,17.499611207593308
8370,17.483656017425808
8371,17.499611207593308
8372,17.499611207593308
8373,17.499611207593308
8374,17.483656017425808
8375,17.499611207593308
8376,17.499611207593308
8377,17.420417183593706
8378,17.499611207593308
8379,17.499611207593308
8380,17.499611207593308
8381,17.483656017425808
8382,17.499611207593308
8383,17.420417183593706
8384,17.499611207593308
8385,17.434707884356516
8386,17.462295722147744
8387,17.483656017425808
8388,17.50296814646894
8389,17.499611207593308
8390,17.444631123519706
8391,17.499611207593308
8392,17.434707884356513
8393,17.420417183593706
8394,17.499611207593308
8395,17.499611207593308
8396,17.499611207593308
8397,17.499611207593308
8398,17.483656017425808
8399,17.499611207593308
8400,17.499611207593308
8401,17.483656017425808
8402,17.434707884356516
8403,17.499611207593308
8404,17.499611207593308
8405,17.499611207593308
8406,17.499611207593308
8407,17.483656017425808
8408,17.499611207593308
8409,17.499611207593308
8410,17.475680524734475
8411,17.434707884356513
8412,17.46021161863649
8413,17.499611207593308
8414,17.458976764349437
8415,17.499611207593308
8416,17.47624779259663
8417,17.45376465621885
8418,17.499611207593308
8419,17.4319685533729
8420,17.499611207593308
8421,17.499611207593297
8422,17.499611207593308
8423,17.4319685533729
8424,17.475680524734468
8425,17.475680524734475
8426,17.50296814646894
8427,17.47568052473447
8428,17.499611207593308
8429,17.499611207593308
8430,17.47568052473447
8431,17.46229572214775
8432,17.499611207593308
8433,17.499611207593308
8434,17.499611207593304
8435,17.499611207593308
8436,17.499611207593308
8437,17.499611207593308
8438,17.499611207593308
8439,17.419546520236057
8440,17.458976764349448
8441,17.462295722147754
8442,17.499611207593308
8443,17.420417183593706
8444,17.420417183593713
8445,17.499611207593308
8446,17.499611207593308
8447,17.420417183593706
8448,17.475680524734468
8449,17.458976764349448
8450,17.499611207593308
8451,17.499611207593308
8452,17.499611207593308
8453,17.499611207593308
8454,17.447673719480317
8455,17.447809883042286
8456,17.499611207593308
8457,17.499611207593308
8458,17.499611207593308
8459,17.458976764349444
8460,17.499611207593308
8461,17.499611207593308
8462,17.447809883042286
8463,17.499611207593308
8464,17.499611207593308
8465,17.499611207593308
8466,17.499611207593308
8467,17.499611207593304
8468,17.409339213254768
8469,17.499611207593308
8470,17.499611207593308
8471,17.499611207593308
8472,17.499611207593308
8473,17.499611207593308
8474,17.499611207593308
8475,17.499611207593308
8476,17.475680524734468
8477,17.499611207593308
8478,17.44780988304228
8479,17.458976764349448
8480,17.499611207593308
8481,17.499611207593308
8482,17.499611207593308
8483,17.458976764349448
8484,17.499611207593308
8485,17.499611207593308
8486,17.47568052473447
8487,17.499611207593308
8488,17.499611207593308
8489,17.499611207593308
8490,17.499611207593308
8491,17.499611207593308
8492,17.499611207593308
8493,17.447809883042275
8494,17.499611207593308
8495,17.447809883042282
8496,17.499611207593308
8497,17.499611207593308
8498,17.499611207593308
8499,17.499611207593308
8500,17.444631123519706
8501,17.499611207593308
8502,17.499611207593308
8503,17.431968553372908
8504,17.499611207593308
8505,17.4996112075933
8506,17.499611207593308
8507,17.499611207593308
8508,17.499611207593308
8509,17.499611207593308
8510,17.499611207593308
8511,17.499611207593308
8512,17.499611207593308
8513,17.499611207593308
8514,17.499611207593308
8515,17.47568052473447
8516,17.475680524734468
8517,17.499611207593308
8518,17.499611207593308
8519,17.499611207593308
8520,17.499611207593308
8521,17.44780988304228
8522,17.499611207593308
8523,17.391002249959595
8524,17.499611207593308
8525,17.499611207593308
8526,17.499611207593308
8527,17.499611207593308
8528,17.499611207593308
8529,17.499611207593308
8530,17.462295722147747
8531,17.499611207593308
8532,17.499611207593308
8533,17.499611207593308
8534,17.499611207593308
8535,17.499611207593308
8536,17.499611207593308
8537,17.483656017425808
8538,17.499611207593308
8539,17.499611207593304
8540,17.499611207593308
8541,17.499611207593308
8542,17.499611207593308
8543,17.499611207593308
8544,17.370447024327746
8545,17.444631123519706
8546,17.499611207593308
8547,17.46229572214775
8548,17.462295722147747
8549,17.483656017425808
8550,17.499611207593308
8551,17.499611207593308
8552,17.499611207593308
8553,17.499611207593304
8554,17.335937027599194
8555,17.499611207593308
8556,17.434707884356513
8557,17.499611207593308
8558,17.499611207593308
8559,17.458976764349448
8560,17.47568052473447
8561,17.499611207593308
8562,17.499611207593308
8563,17.499611207593308
8564,17.499611207593297
8565,17.499611207593308
8566,17.402132393267863
8567,17.499611207593308
8568,17.499611207593308
8569,17.458976764349448
8570,17.499611207593308
8571,17.475680524734475
8572,17.499611207593308
8573,17.499611207593308
8574,17.499611207593308
8575,17.499611207593308
8576,17.458976764349448
8577,17.409339213254768
8578,17.499611207593308
8579,17.499611207593308
8580,17.499611207593308
8581,17.499611207593308
8582,17.458976764349448
8583,17.434707884356516
8584,17.499611207593308
8585,17.499611207593308
8586,17.499611207593308
8587,17.499611207593308
8588,17.434707884356516
8589,17.434707884356516
8590,17.499611207593308
8591,17.499611207593308
8592,17.499611207593308
8593,17.499611207593308
8594,17.499611207593308
8595,17.499611207593308
8596,17.499611207593308
8597,17.499611207593308
8598,17.499611207593308
8599,17.499611207593308
8600,17.499611207593308
8601,17.43196855337291
8602,17.434707884356513
8603,17.499611207593308
8604,17.499611207593308
8605,17.44463112351971
8606,17.499611207593308
8607,17.447809883042282
8608,17.499611207593308
8609,17.499611207593308
8610,17.499611207593308
8611,17.447809883042286
8612,17.499611207593308
8613,17.499611207593308
8614,17.434707884356516
8615,17.4446311235197
8616,17.499611207593308
8617,17.499611207593308
8618,17.499611207593308
8619,17.50296814646894
8620,17.458976764349448
8621,17.499611207593308
8622,17.499611207593297
8623,17.499611207593308
8624,17.462295722147744
8625,17.462295722147747
8626,17.475680524734468
8627,17.434707884356513
8628,17.499611207593308
8629,17.499611207593308
8630,17.499611207593308
8631,17.499611207593308
8632,17.499611207593308
8633,17.499611207593308
8634,17.499611207593304
8635,17.44780988304228
8636,17.434707884356513
8637,17.499611207593308
8638,17.499611207593308
8639,17.499611207593308
8640,17.458976764349448
8641,17.499611207593308
8642,17.499611207593308
8643,17.499611207593308
8644,17.499611207593308
8645,17.447809883042282
8646,17.499611207593304
8647,17.434707884356513
8648,17.499611207593308
8649,17.499611207593308
8650,17.499611207593308
8651,17.44780988304228
8652,17.499611207593308
8653,17.499611207593308
8654,17.499611207593308
8655,17.499611207593308
8656,17.44934209570875
8657,17.475680524734468
8658,17.499611207593308
8659,17.458976764349444
8660,17.499611207593308
8661,17.499611207593308
8662,17.499611207593308
8663,17.499611207593308
8664,17.499611207593308
8665,17.499611207593304
8666,17.499611207593308
8667,17.483656017425808
8668,17.499611207593308
8669,17.462295722147747
8670,17.499611207593308
8671,17.46229572214775
8672,17.47568052473447
8673,17.499611207593308
8674,17.499611207593308
8675,17.476247792596634
8676,17.364672259714368
8677,17.407009286313386
8678,17.415803092718154
8679,17.45376465621885
8680,17.43477938109131
8681,17.43477938109131
8682,17.45376465621885
8683,17.483656017425805
8684,17.45376465621885
8685,17.4446311235197
8686,17.458976764349448
8687,17.499611207593308
8688,17.499611207593308
8689,17.499611207593308
8690,17.447809883042286
8691,17.431968553372908
8692,17.499611207593308
8693,17.499611207593308
8694,17.434707884356516
8695,17.499611207593308
8696,17.499611207593308
8697,17.499611207593304
8698,17.4446311235197
8699,17.499611207593308
8700,17.499611207593308
8701,17.499611207593308
8702,17.44780988304228
8703,17.462295722147747
8704,17.499611207593308
8705,17.499611207593308
8706,17.499611207593308
8707,17.4446311235197
8708,17.499611207593308
8709,17.499611207593308
8710,17.499611207593308
8711,17.499611207593308
8712,17.499611207593308
8713,17.499611207593308
8714,17.444631123519702
8715,17.499611207593308
8716,17.475680524734468
8717,17.499611207593308
8718,17.499611207593308
8719,17.499611207593308
8720,17.499611207593308
8721,17.499611207593308
8722,17.499611207593308
8723,17.476247792596634
8724,17.45376465621885
8725,17.39100224995959
8726,17.499611207593308
8727,17.499611207593308
8728,17.499611207593308
8729,17.499611207593308
8730,17.499611207593308
8731,17.434707884356513
8732,17.44780988304228
8733,17.447809883042282
8734,17.499611207593308
8735,17.41954652023606
8736,17.458976764349437
8737,17.4446311235197
8738,17.499611207593308
8739,17.499611207593308
8740,17.499611207593308
8741,17.499611207593308
8742,17.499611207593308
8743,17.499611207593308
8744,17.499611207593308
8745,17.444631123519706
8746,17.499611207593308
8747,17.402132393267863
8748,17.499611207593308
8749,17.499611207593308
8750,17.46229572214775
8751,17.499611207593308
8752,17.499611207593308
8753,17.499611207593308
8754,17.499611207593308
8755,17.475680524734475
8756,17.434707884356513
8757,17.499611207593308
8758,17.499611207593308
8759,17.483656017425808
8760,17.47624779259663
8761,17.447809883042282
8762,17.499611207593308
8763,17.434707884356513
8764,17.499611207593308
8765,17.499611207593308
8766,17.499611207593308
8767,17.483656017425808
8768,17.499611207593308
8769,17.499611207593308
8770,17.407009286313386
8771,17.499611207593308
8772,17.499611207593308
8773,17.483656017425808
8774,17.499611207593304
8775,17.499611207593308
8776,17.499611207593308
8777,17.499611207593308
8778,17.420417183593703
8779,17.434707884356513
8780,17.499611207593308
8781,17.499611207593308
8782,17.47568052473447
8783,17.499611207593308
8784,17.4446311235197
8785,17.4319685533729
8786,17.458976764349444
8787,17.499611207593308
8788,17.499611207593308
8789,17.499611207593308
8790,17.434707884356513
8791,17.46229572214775
8792,17.499611207593308
8793,17.499611207593308
8794,17.499611207593308
8795,17.499611207593308
8796,17.475680524734464
8797,17.499611207593304
8798,17.499611207593308
8799,17.40933921325476
8800,17.499611207593308
8801,17.499611207593308
8802,17.458976764349444
8803,17.499611207593308
8804,17.499611207593308
8805,17.499611207593304
8806,17.4996112075933
8807,17.475680524734468
8808,17.499611207593308
8809,17.391002249959598
8810,17.499611207593308
8811,17.499611207593308
8812,17.499611207593308
8813,17.434707884356516
8814,17.499611207593308
8815,17.499611207593308
8816,17.499611207593308
8817,17.499611207593308
8818,17.458976764349448
8819,17.458976764349444
8820,17.499611207593308
8821,17.499611207593308
8822,17.499611207593308
8823,17.499611207593308
8824,17.499611207593308
8825,17.499611207593308
8826,17.499611207593308
8827,17.499611207593308
8828,17.499611207593304
8829,17.458976764349444
8830,17.499611207593308
8831,17.35093278508842
8832,17.499611207593308
8833,17.499611207593308
8834,17.499611207593308
8835,17.499611207593308
8836,17.499611207593308
8837,17.499611207593308
8838,17.499611207593308
8839,17.499611207593308
8840,17.4446311235197
8841,17.499611207593308
8842,17.47568052473447
8843,17.47568052473447
8844,17.499611207593308
8845,17.499611207593308
8846,17.499611207593308
8847,17.483656017425808
8848,17.462295722147744
8849,17.499611207593308
8850,17.499611207593308
8851,17.499611207593308
8852,17.434707884356516
8853,17.420417183593706
8854,17.499611207593308
8855,17.413270731990828
8856,17.499611207593308
8857,17.499611207593308
8858,17.499611207593308
8859,17.499611207593308
8860,17.458976764349444
8861,17.499611207593308
8862,17.499611207593308
8863,17.499611207593308
8864,17.499611207593308
8865,17.499611207593308
8866,17.499611207593304
8867,17.499611207593308
8868,17.420417183593713
8869,17.499611207593308
8870,17.499611207593308
8871,17.499611207593308
8872,17.499611207593308
8873,17.499611207593308
8874,17.458976764349448
8875,17.434707884356516
8876,17.499611207593308
8877,17.499611207593308
8878,17.499611207593308
8879,17.499611207593308
8880,17.499611207593308
8881,17.483656017425808
8882,17.499611207593308
8883,17.499611207593308
8884,17.462295722147747
8885,17.50296814646894
8886,17.499611207593308
8887,17.499611207593308
8888,17.499611207593308
8889,17.483656017425808
8890,17.499611207593304
8891,17.499611207593308
8892,17.475680524734468
8893,17.499611207593308
8894,17.499611207593308
8895,17.499611207593308
8896,17.499611207593308
8897,17.499611207593308
8898,17.499611207593308
8899,17.46229572214775
8900,17.499611207593308
8901,17.413270731990824
8902,17.499611207593308
8903,17.499611207593308
8904,17.499611207593308
8905,17.499611207593308
8906,17.499611207593308
8907,17.458976764349448
8908,17.499611207593308
8909,17.483656017425808
8910,17.47568052473447
8911,17.499611207593308
8912,17.499611207593308
8913,17.447809883042286
8914,17.499611207593304
8915,17.46021161863649
8916,17.499611207593308
8917,17.499611207593308
8918,17.499611207593308
8919,17.499611207593308
8920,17.420417183593713
8921,17.391002249959595
8922,17.499611207593304
8923,17.499611207593308
8924,17.499611207593308
8925,17.499611207593308
8926,17.499611207593308
8927,17.499611207593308
8928,17.499611207593308
8929,17.499611207593308
8930,17.499611207593308
8931,17.499611207593308
8932,17.499611207593308
8933,17.475680524734475
8934,17.499611207593308
8935,17.434707884356513
8936,17.499611207593308
8937,17.499611207593308
8938,17.499611207593304
8939,17.499611207593308
8940,17.499611207593304
8941,17.499611207593308
8942,17.499611207593304
8943,17.499611207593308
8944,17.46229572214775
8945,17.499611207593308
8946,17.499611207593308
8947,17.499611207593308
8948,17.47568052473447
8949,17.499611207593308
8950,17.499611207593308
8951,17.499611207593308
8952,17.499611207593308
8953,17.499611207593308
8954,17.44463112351971
8955,17.499611207593308
8956,17.499611207593308
8957,17.434707884356516
8958,17.499611207593308
8959,17.499611207593308
8960,17.499611207593308
8961,17.499611207593308
8962,17.499611207593308
8963,17.499611207593308
8964,17.499611207593308
8965,17.44463112351971
8966,17.499611207593308
8967,17.499611207593308
8968,17.38727662717915
8969,17.499611207593308
8970,17.499611207593308
8971,17.499611207593308
8972,17.483656017425808
8973,17.460211618636485
8974,17.45376465621885
8975,17.46229572214775
8976,17.50296814646894
8977,17.499611207593308
8978,17.499611207593308
8979,17.499611207593304
8980,17.499611207593308
8981,17.499611207593308
8982,17.499611207593308
8983,17.458976764349448
8984,17.499611207593308
8985,17.499611207593308
8986,17.373520294116247
8987,17.499611207593308
8988,17.499611207593308
8989,17.499611207593308
8990,17.499611207593308
8991,17.475680524734468
8992,17.499611207593308
8993,17.499611207593308
8994,17.499611207593308
8995,17.499611207593308
8996,17.41954652023606
8997,17.499611207593308
8998,17.499611207593308
8999,17.499611207593308
9000,17.499611207593308
9001,17.499611207593304
9002,17.434707884356513
9003,17.499611207593308
9004,17.444631123519702
9005,17.46229572214775
9006,17.499611207593308
9007,17.499611207593308
9008,17.499611207593308
9009,17.444631123519706
9010,17.499611207593308
9011,17.462295722147747
9012,17.499611207593308
9013,17.499611207593308
9014,17.499611207593308
9015,17.499611207593308
9016,17.499611207593308
9017,17.499611207593308
9018,17.499611207593308
9019,17.434707884356516
9020,17.434707884356513
9021,17.475680524734475
9022,17.499611207593308
9023,17.499611207593308
9024,17.434707884356516
9025,17.499611207593308
9026,17.499611207593308
9027,17.499611207593308
9028,17.499611207593308
9029,17.499611207593308
9030,17.4446311235197
9031,17.26904339863568
9032,17.44780988304228
9033,17.50296814646894
9034,17.499611207593308
9035,17.499611207593308
9036,17.499611207593308
9037,17.499611207593308
9038,17.499611207593308
9039,17.499611207593308
9040,17.499611207593308
9041,17.50296814646894
9042,17.499611207593308
9043,17.499611207593308
9044,17.444631123519706
9045,17.499611207593308
9046,17.499611207593308
9047,17.462295722147744
9048,17.499611207593308
9049,17.499611207593308
9050,17.434707884356513
9051,17.50296814646893
9052,17.499611207593308
9053,17.458976764349444
9054,17.499611207593308
9055,17.402132393267863
9056,17.499611207593308
9057,17.499611207593308
9058,17.499611207593308
9059,17.475680524734468
9060,17.499611207593308
9061,17.499611207593308
9062,17.444631123519702
9063,17.499611207593308
9064,17.499611207593308
9065,17.499611207593297
9066,17.499611207593308
9067,17.499611207593308
9068,17.499611207593308
9069,17.4996112075933
9070,17.446920088807907
9071,17.434707884356513
9072,17.45376465621885
9073,17.4836560174258
9074,17.483656017425805
9075,17.434779381091307
9076,17.43470788435651
9077,17.45376465621885
9078,17.407009286313386
9079,17.415803092718154
9080,17.45376465621885
9081,17.45376465621885
9082,17.45376465621885
9083,17.41580309271815
9084,17.483656017425808
9085,17.499611207593308
9086,17.434707884356513
9087,17.499611207593308
9088,17.499611207593308
9089,17.499611207593308
9090,17.499611207593308
9091,17.499611207593308
9092,17.499611207593308
9093,17.402132393267863
9094,17.46229572214775
9095,17.499611207593308
9096,17.391002249959595
9097,17.475680524734468
9098,17.499611207593308
9099,17.499611207593308
9100,17.499611207593308
9101,17.462295722147744
9102,17.499611207593308
9103,17.458976764349437
9104,17.499611207593308
9105,17.499611207593308
9106,17.499611207593308
9107,17.499611207593308
9108,17.499611207593304
9109,17.47568052473447
9110,17.499611207593308
9111,17.499611207593308
9112,17.499611207593308
9113,17.499611207593308
9114,17.499611207593308
9115,17.499611207593308
9116,17.499611207593308
9117,17.499611207593308
9118,17.499611207593308
9119,17.447809883042282
9120,17.499611207593308
9121,17.420417183593713
9122,17.475680524734468
9123,17.499611207593308
9124,17.499611207593308
9125,17.499611207593308
9126,17.499611207593308
9127,17.46229572214775
9128,17.475680524734475
9129,17.499611207593308
9130,17.499611207593308
9131,17.46229572214775
9132,17.499611207593308
9133,17.499611207593308
9134,17.499611207593297
9135,17.499611207593308
9136,17.499611207593304
9137,17.434707884356513
9138,17.419546520236054
9139,17.499611207593308
9140,17.499611207593308
9141,17.499611207593308
9142,17.499611207593308
9143,17.499611207593308
9144,17.499611207593304
9145,17.434707884356513
9146,17.499611207593308
9147,17.499611207593308
9148,17.499611207593308
9149,17.499611207593297
9150,17.4446311235197
9151,17.499611207593308
9152,17.499611207593308
9153,17.399450145203268
9154,17.447809883042282
9155,17.46229572214775
9156,17.499611207593308
9157,17.400774809197472
9158,17.499611207593308
9159,17.499611207593308
9160,17.499611207593308
9161,17.434707884356513
9162,17.47568052473447
9163,17.499611207593308
9164,17.47568052473447
9165,17.499611207593308
9166,17.483656017425808
9167,17.499611207593308
9168,17.462295722147747
9169,17.483656017425808
9170,17.499611207593308
9171,17.499611207593308
9172,17.499611207593308
9173,17.499611207593308
9174,17.47568052473447
9175,17.499611207593308
9176,17.462295722147744
9177,17.499611207593308
9178,17.499611207593308
9179,17.46229572214775
9180,17.499611207593308
9181,17.499611207593308
9182,17.499611207593304
9183,17.499611207593308
9184,17.499611207593308
9185,17.44934209570876
9186,17.499611207593308
9187,17.447809883042282
9188,17.458976764349448
9189,17.499611207593304
9190,17.499611207593308
9191,17.499611207593308
9192,17.499611207593308
9193,17.475680524734468
9194,17.47568052473447
9195,17.447673719480328
9196,17.40933921325476
9197,17.499611207593308
9198,17.47568052473447
9199,17.499611207593308
9200,17.499611207593308
9201,17.499611207593308
9202,17.499611207593308
9203,17.499611207593308
9204,17.499611207593308
9205,17.499611207593308
9206,17.499611207593308
9207,17.499611207593308
9208,17.499611207593308
9209,17.499611207593308
9210,17.499611207593308
9211,17.499611207593308
9212,17.499611207593308
9213,17.499611207593308
9214,17.499611207593308
9215,17.499611207593308
9216,17.499611207593308
9217,17.47568052473447
9218,17.499611207593308
9219,17.475680524734468
9220,17.499611207593308
9221,17.4996112075933
9222,17.475680524734475
9223,17.499611207593308
9224,17.499611207593308
9225,17.499611207593308
9226,17.499611207593308
9227,17.434707884356516
9228,17.447809883042282
9229,17.499611207593308
9230,17.499611207593308
9231,17.499611207593308
9232,17.499611207593308
9233,17.499611207593304
9234,17.499611207593308
9235,17.458976764349444
9236,17.499611207593304
9237,17.499611207593308
9238,17.499611207593308
9239,17.383014092278252
9240,17.499611207593308
9241,17.499611207593308
9242,17.499611207593308
9243,17.499611207593308
9244,17.462295722147747
9245,17.499611207593308
9246,17.499611207593304
9247,17.499611207593308
9248,17.499611207593308
9249,17.447809883042286
9250,17.43196855337291
9251,17.499611207593308
9252,17.499611207593308
9253,17.462295722147747
9254,17.499611207593308
9255,17.499611207593308
9256,17.499611207593308
9257,17.499611207593308
9258,17.499611207593308
9259,17.499611207593308
9260,17.499611207593308
9261,17.499611207593308
9262,17.462295722147744
9263,17.47568052473447
9264,17.47568052473447
9265,17.475680524734468
9266,17.499611207593308
9267,17.419546520236057
9268,17.499611207593308
9269,17.499611207593308
9270,17.499611207593308
9271,17.499611207593308
9272,17.462295722147747
9273,17.499611207593308
9274,17.447809883042282
9275,17.499611207593308
9276,17.499611207593308
9277,17.38727662717915
9278,17.499611207593308
9279,17.499611207593308
9280,17.499611207593308
9281,17.499611207593308
9282,17.499611207593308
9283,17.499611207593308
9284,17.499611207593308
9285,17.499611207593308
9286,17.499611207593308
9287,17.44780988304228
9288,17.499611207593308
9289,17.502968146468934
9290,17.499611207593308
9291,17.499611207593308
9292,17.499611207593308
9293,17.44780988304228
9294,17.475680524734475
9295,17.458976764349444
9296,17.499611207593308
9297,17.499611207593308
9298,17.499611207593308
9299,17.499611207593304
9300,17.499611207593308
9301,17.499611207593308
9302,17.46229572214775
9303,17.499611207593308
9304,17.444631123519702
9305,17.499611207593308
9306,17.44780988304228
9307,17.499611207593308
9308,17.499611207593308
9309,17.499611207593308
9310,17.499611207593308
9311,17.402132393267863
9312,17.420417183593703
9313,17.499611207593308
9314,17.499611207593308
9315,17.483656017425808
9316,17.499611207593308
9317,17.499611207593308
9318,17.387276627179148
9319,17.499611207593308
9320,17.499611207593308
9321,17.499611207593308
9322,17.499611207593308
9323,17.434707884356513
9324,17.499611207593308
9325,17.499611207593308
9326,17.444631123519702
9327,17.499611207593308
9328,17.499611207593308
9329,17.458976764349448
9330,17.499611207593308
9331,17.499611207593308
9332,17.499611207593308
9333,17.499611207593308
9334,17.499611207593304
9335,17.499611207593308
9336,17.499611207593308
9337,17.4996112075933
9338,17.499611207593308
9339,17.499611207593308
9340,17.499611207593308
9341,17.47568052473447
9342,17.499611207593304
9343,17.499611207593308
9344,17.499611207593308
9345,17.46229572214775
9346,17.499611207593304
9347,17.499611207593308
9348,17.462295722147744
9349,17.434707884356513
9350,17.475680524734475
9351,17.499611207593308
9352,17.499611207593308
9353,17.476247792596634
9354,17.483656017425808
9355,17.499611207593308
9356,17.499611207593308
9357,17.47568052473447
9358,17.449342095708754
9359,17.499611207593308
9360,17.499611207593308
9361,17.499611207593308
9362,17.499611207593308
9363,17.46229572214775
9364,17.444631123519706
9365,17.499611207593308
9366,17.46229572214775
9367,17.499611207593308
9368,17.499611207593308
9369,17.499611207593308
9370,17.499611207593308
9371,17.499611207593308
9372,17.502968146468934
9373,17.45376465621885
9374,17.483656017425808
9375,17.499611207593308
9376,17.499611207593308
9377,17.499611207593308
9378,17.499611207593308
9379,17.364672259714368
9380,17.45376465621885
9381,17.45376465621885
9382,17.45376465621885
9383,17.434707884356513
9384,17.402132393267866
9385,17.499611207593308
9386,17.499611207593308
9387,17.44934209570875
9388,17.499611207593308
9389,17.499611207593308
9390,17.499611207593308
9391,17.460211618636503
9392,17.4996112075933
9393,17.499611207593308
9394,17.47568052473447
9395,17.413270731990824
9396,17.499611207593308
9397,17.499611207593308
9398,17.499611207593308
9399,17.499611207593308
9400,17.4319685533729
9401,17.447809883042282
9402,17.499611207593308
9403,17.475680524734475
9404,17.499611207593308
9405,17.499611207593308
9406,17.499611207593308
9407,17.47568052473447
9408,17.499611207593304
9409,17.458976764349444
9410,17.499611207593308
9411,17.499611207593308
9412,17.499611207593308
9413,17.499611207593304
9414,17.458976764349448
9415,17.46229572214775
9416,17.499611207593308
9417,17.499611207593308
9418,17.499611207593308
9419,17.499611207593308
9420,17.499611207593308
9421,17.499611207593308
9422,17.499611207593308
9423,17.499611207593308
9424,17.499611207593308
9425,17.499611207593308
9426,17.499611207593308
9427,17.499611207593308
9428,17.499611207593308
9429,17.499611207593304
9430,17.499611207593308
9431,17.499611207593308
9432,17.39826253486894
9433,17.499611207593308
9434,17.499611207593308
9435,17.499611207593308
9436,17.499611207593308
9437,17.46229572214775
9438,17.499611207593308
9439,17.499611207593308
9440,17.499611207593308
9441,17.499611207593308
9442,17.458976764349444
9443,17.499611207593308
9444,17.499611207593308
9445,17.499611207593308
9446,17.499611207593308
9447,17.499611207593308
9448,17.46229572214775
9449,17.475680524734475
9450,17.499611207593308
9451,17.40933921325476
9452,17.458976764349444
9453,17.41954652023606
9454,17.45897676434944
9455,17.499611207593308
9456,17.499611207593308
9457,17.499611207593308
9458,17.434707884356513
9459,17.499611207593308
9460,17.499611207593308
9461,17.458976764349444
9462,17.483656017425808
9463,17.499611207593308
9464,17.431968553372908
9465,17.499611207593308
9466,17.483656017425808
9467,17.431968553372908
9468,17.499611207593304
9469,17.499611207593308
9470,17.46229572214775
9471,17.499611207593308
9472,17.47568052473447
9473,17.499611207593308
9474,17.4446311235197
9475,17.499611207593308
9476,17.499611207593308
9477,17.4446311235197
9478,17.499611207593308
9479,17.499611207593308
9480,17.499611207593308
9481,17.499611207593308
9482,17.499611207593308
9483,17.444631123519702
9484,17.499611207593308
9485,17.43870512989218
9486,17.434707884356513
9487,17.499611207593308
9488,17.44463112351971
9489,17.4204171835937
9490,17.444631123519702
9491,17.499611207593308
9492,17.444631123519702
9493,17.499611207593308
9494,17.444631123519702
9495,17.499611207593308
9496,17.499611207593308
9497,17.499611207593308
9498,17.475680524734468
9499,17.499611207593308
9500,17.499611207593304
9501,17.499611207593308
9502,17.475680524734468
9503,17.499611207593308
9504,17.499611207593308
9505,17.458976764349448
9506,17.499611207593308
9507,17.499611207593308
9508,17.499611207593308
9509,17.499611207593308
9510,17.483656017425808
9511,17.462295722147747
9512,17.499611207593308
9513,17.499611207593308
9514,17.46229572214775
9515,17.476247792596634
9516,17.499611207593308
9517,17.499611207593304
9518,17.499611207593308
9519,17.483656017425808
9520,17.499611207593308
9521,17.499611207593304
9522,17.499611207593308
9523,17.499611207593304
9524,17.387276627179155
9525,17.434707884356513
9526,17.444631123519706
9527,17.499611207593308
9528,17.499611207593308
9529,17.434707884356516
9530,17.499611207593308
9531,17.402132393267863
9532,17.499611207593308
9533,17.44463112351971
9534,17.499611207593308
9535,17.483656017425808
9536,17.499611207593308
9537,17.499611207593304
9538,17.499611207593308
9539,17.499611207593308
9540,17.499611207593308
9541,17.499611207593308
9542,17.499611207593308
9543,17.462295722147744
9544,17.499611207593308
9545,17.499611207593308
9546,17.499611207593308
9547,17.499611207593308
9548,17.47568052473447
9549,17.499611207593308
9550,17.499611207593308
9551,17.475680524734475
9552,17.499611207593304
9553,17.499611207593308
9554,17.499611207593308
9555,17.499611207593308
9556,17.460211618636503
9557,17.38860606457305
9558,17.499611207593308
9559,17.499611207593308
9560,17.499611207593308
9561,17.475680524734468
9562,17.499611207593308
9563,17.447809883042282
9564,17.475680524734475
9565,17.47568052473447
9566,17.499611207593304
9567,17.4446311235197
9568,17.499611207593304
9569,17.499611207593308
9570,17.499611207593308
9571,17.499611207593304
9572,17.499611207593308
9573,17.499611207593308
9574,17.499611207593308
9575,17.499611207593308
9576,17.499611207593308
9577,17.499611207593308
9578,17.499611207593308
9579,17.499611207593308
9580,17.499611207593308
9581,17.370447024327756
9582,17.499611207593304
9583,17.499611207593308
9584,17.499611207593308
9585,17.499611207593308
9586,17.499611207593308
9587,17.499611207593308
9588,17.499611207593308
9589,17.499611207593308
9590,17.499611207593308
9591,17.402132393267863
9592,17.499611207593308
9593,17.40933921325476
9594,17.499611207593308
9595,17.44463112351971
9596,17.499611207593308
9597,17.499611207593308
9598,17.434707884356513
9599,17.499611207593308
9600,17.499611207593308
9601,17.499611207593308
9602,17.499611207593308
9603,17.434707884356516
9604,17.499611207593308
9605,17.499611207593308
9606,17.499611207593308
9607,17.447809883042282
9608,17.46229572214775
9609,17.47624779259663
9610,17.499611207593308
9611,17.444631123519706
9612,17.499611207593308
9613,17.4446311235197
9614,17.499611207593304
9615,17.444631123519706
9616,17.447809883042282
9617,17.499611207593308
9618,17.499611207593308
9619,17.434707884356516
9620,17.499611207593308
9621,17.499611207593308
9622,17.499611207593308
9623,17.434707884356516
9624,17.458976764349444
9625,17.499611207593308
9626,17.499611207593308
9627,17.444631123519702
9628,17.499611207593308
9629,17.413270731990828
9630,17.447809883042282
9631,17.483656017425808
9632,17.499611207593304
9633,17.447809883042282
9634,17.499611207593308
9635,17.434707884356513
9636,17.499611207593308
9637,17.499611207593308
9638,17.499611207593308
9639,17.462295722147747
9640,17.447809883042282
9641,17.499611207593308
9642,17.499611207593308
9643,17.499611207593308
9644,17.458976764349448
9645,17.46229572214775
9646,17.499611207593308
9647,17.499611207593308
9648,17.499611207593308
9649,17.499611207593308
9650,17.499611207593308
9651,17.499611207593308
9652,17.458976764349444
9653,17.44780988304228
9654,17.434707884356513
9655,17.499611207593308
9656,17.434707884356516
9657,17.434707884356513
9658,17.499611207593308
9659,17.47568052473447
9660,17.499611207593308
9661,17.434707884356513
9662,17.499611207593308
9663,17.499611207593308
9664,17.434707884356513
9665,17.499611207593304
9666,17.447809883042282
9667,17.499611207593308
9668,17.499611207593308
9669,17.46229572214775
9670,17.434707884356513
9671,17.499611207593308
9672,17.447809883042282
9673,17.499611207593308
9674,17.475680524734468
9675,17.499611207593308
9676,17.499611207593308
9677,17.499611207593308
9678,17.499611207593308
9679,17.499611207593308
9680,17.475680524734468
9681,17.499611207593308
9682,17.499611207593308
9683,17.475680524734468
9684,17.499611207593308
9685,17.46229572214775
9686,17.499611207593304
9687,17.499611207593308
9688,17.4446311235197
9689,17.499611207593308
9690,17.499611207593308
9691,17.499611207593308
9692,17.483656017425808
9693,17.499611207593308
9694,17.499611207593308
9695,17.499611207593304
9696,17.499611207593308
9697,17.499611207593308
9698,17.46229572214775
9699,17.499611207593308
9700,17.499611207593308
9701,17.499611207593308
9702,17.499611207593308
9703,17.499611207593308
9704,17.44780988304228
9705,17.499611207593308
9706,17.499611207593308
9707,17.499611207593308
9708,17.434707884356513
9709,17.499611207593308
9710,17.499611207593308
9711,17.499611207593308
9712,17.499611207593308
9713,17.499611207593308
9714,17.499611207593308
9715,17.499611207593308
9716,17.499611207593308
9717,17.499611207593308
9718,17.43477938109131
9719,17.45376465621885
9720,17.45376465621885
9721,17.41580309271815
9722,17.499611207593308
9723,17.499611207593308
9724,17.499611207593308
9725,17.476247792596634
9726,17.499611207593308
9727,17.499611207593308
9728,17.499611207593308
9729,17.499611207593308
9730,17.44780988304228
9731,17.444631123519702
9732,17.502968146468938
9733,17.499611207593308
9734,17.434707884356516
9735,17.499611207593308
9736,17.499611207593308
9737,17.409339213254764
9738,17.499611207593308
9739,17.499611207593308
9740,17.41625543768601
9741,17.462295722147744
9742,17.499611207593308
9743,17.499611207593308
9744,17.499611207593308
9745,17.499611207593308
9746,17.499611207593308
9747,17.499611207593308
9748,17.499611207593308
9749,17.499611207593308
9750,17.499611207593308
9751,17.499611207593304
9752,17.499611207593308
9753,17.499611207593304
9754,17.476247792596634
9755,17.47568052473447
9756,17.476247792596638
9757,17.499611207593308
9758,17.476247792596634
9759,17.499611207593308
9760,17.476247792596634
9761,17.447809883042282
9762,17.499611207593308
9763,17.476247792596634
9764,17.45897676434944
9765,17.50296814646894
9766,17.499611207593308
9767,17.50296814646894
9768,17.499611207593308
9769,17.476247792596638
9770,17.458976764349437
9771,17.499611207593308
9772,17.476247792596638
9773,17.50296814646894
9774,17.46229572214775
9775,17.475680524734475
9776,17.49471148633653
9777,17.499611207593308
9778,17.476247792596638
9779,17.475680524734475
9780,17.476247792596634
9781,17.458976764349448
9782,17.460211618636503
9783,17.476247792596634
9784,17.476247792596634
9785,17.476247792596634
9786,17.476247792596634
9787,17.476247792596634
9788,17.43870512989219
9789,17.447809883042282
9790,17.475680524734475
9791,17.476247792596634
9792,17.499611207593308
9793,17.476247792596634
9794,17.431968553372908
9795,17.475680524734475
9796,17.447673719480328
9797,17.476247792596634
9798,17.46021161863649
9799,17.460211618636503
9800,17.476247792596634
9801,17.476247792596634
9802,17.476247792596634
9803,17.499611207593308
9804,17.476247792596634
9805,17.475680524734475
9806,17.43196855337291
9807,17.49471148633653
9808,17.499611207593308
9809,17.460211618636496
9810,17.475680524734475
9811,17.4602116186365
9812,17.40040949463922
9813,17.458976764349437
9814,17.499611207593308
9815,17.444631123519706
9816,17.499611207593308
9817,17.499611207593308
9818,17.499611207593308
9819,17.499611207593308
9820,17.499611207593308
9821,17.447809883042286
9822,17.499611207593308
9823,17.476247792596638
9824,17.499611207593308
9825,17.458976764349448
9826,17.4319685533729
9827,17.460211618636496
9828,17.494711486336527
9829,17.447809883042282
9830,17.499611207593308
9831,17.499611207593308
9832,17.499611207593308
9833,17.502968146468945
9834,17.499611207593308
9835,17.499611207593308
9836,17.50296814646894
9837,17.499611207593308
9838,17.446920088807918
9839,17.499611207593308
9840,17.476247792596634
9841,17.47568052473447
9842,17.499611207593308
9843,17.44247456079116
9844,17.41580309271815
9845,17.447809883042286
9846,17.475680524734475
9847,17.458976764349444
9848,17.458976764349444
9849,17.476247792596634
9850,17.476247792596634
9851,17.476247792596634
9852,17.494711486336534
9853,17.476247792596634
9854,17.402132393267863
9855,17.476247792596634
9856,17.476247792596634
9857,17.475680524734475
9858,17.476247792596634
9859,17.476247792596634
9860,17.476247792596634
9861,17.476247792596634
9862,17.476247792596634
9863,17.460211618636492
9864,17.476247792596634
9865,17.44247456079116
9866,17.45376465621885
9867,17.4446311235197
9868,17.447673719480328
9869,17.41209928657528
9870,17.476247792596634
9871,17.44767371948032
9872,17.476247792596634
9873,17.49471148633653
9874,17.476247792596634
9875,17.446920088807907
9876,17.476247792596634
9877,17.476247792596634
9878,17.46229572214775
9879,17.475680524734475
9880,17.476247792596634
9881,17.44780988304228
9882,17.499611207593308
9883,17.364921649959555
9884,17.499611207593308
9885,17.476247792596634
9886,17.476247792596634
9887,17.476247792596634
9888,17.476247792596634
9889,17.476247792596634
9890,17.447673719480328
9891,17.460211618636492
9892,17.476247792596634
9893,17.476247792596634
9894,17.475680524734475
9895,17.499611207593308
9896,17.402132393267863
9897,17.50296814646894
9898,17.499611207593308
9899,17.34778061656237
9900,17.499611207593308
9901,17.476247792596638
9902,17.475680524734475
9903,17.458976764349444
9904,17.464953927585448
9905,17.384305491477342
9906,17.447809883042282
9907,17.476247792596634
9908,17.499611207593308
9909,17.43196855337291
9910,17.476247792596634
9911,17.499611207593308
9912,17.475680524734475
9913,17.42703757297361
9914,17.464953927585448
9915,17.407009286313386
9916,17.458976764349448
9917,17.447809883042286
9918,17.43236301782068
9919,17.475680524734475
9920,17.475680524734475
9921,17.44247456079116
9922,17.458976764349437
9923,17.335862988411623
9924,17.41595894740418
9925,17.44780988304228
9926,17.382969314469378
9927,17.413270731990828
9928,17.409254471706895
9929,17.458976764349437
9930,17.464953927585448
9931,17.46229572214775
9932,17.41327073199082
9933,17.43527914210223
9934,17.47624779259663
9935,17.494711486336524
9936,17.431968553372904
9937,17.34963244862986
9938,17.499611207593308
9939,17.43236301782068
9940,17.44767371948032
9941,17.409254471706895
9942,17.402132393267863
9943,17.464953927585448
9944,17.464953927585448
9945,17.41327073199082
9946,17.36098500799087
9947,17.38727662717916
9948,17.432363017820684
9949,17.494711486336527
9950,17.378470342440522
9951,17.431968553372904
9952,17.464953927585448
9953,17.36098500799087
9954,17.50296814646894
9955,17.464953927585448
9956,17.415958947404185
9957,17.43527914210223
9958,17.39674420086025
9959,17.464953927585448
9960,17.43236301782068
9961,17.402132393267863
9962,17.464953927585448
9963,17.444631123519706
9964,17.464953927585448
9965,17.464953927585448
9966,17.464953927585448
9967,17.464953927585448
9968,17.464953927585448
9969,17.382969314469385
9970,17.344999893917105
9971,17.464953927585448
9972,17.464953927585448
9973,17.499611207593308
9974,17.44247456079116
9975,17.464953927585448
9976,17.431968553372904
9977,17.432363017820677
9978,17.36098500799087
9979,17.494711486336527
9980,17.464953927585448
9981,17.464953927585448
9982,17.464953927585448
9983,17.464953927585448
9984,17.464953927585448
9985,17.344999893917105
9986,17.464953927585448
9987,17.406307664237616
9988,17.434707884356516
9989,17.464953927585448
9990,17.464953927585448
9991,17.464953927585448
9992,17.44933133824776
9993,17.41595894740419
9994,17.464953927585448
9995,17.464953927585448
9996,17.464953927585448
9997,17.464953927585448
9998,17.460211618636496
9999,17.36235128206123
10000,17.464953927585448
